state,county,fips,abbreviation
Alabama,Autauga,01001,AL
Alabama,Baldwin,01003,AL
Alabama,Barbour,01005,AL
Alabama,Bibb,01007,AL
Alabama,Blount,01009,AL
Alabama,Bullock,01011,AL
Alabama,Butler,01013,AL
Alabama,Calhoun,01015,AL
Alabama,Chambers,01017,AL
Alabama,Cherokee,01019,AL
Alabama,Chilton,01021,AL
Alabama,Choctaw,01023,AL
Alabama,Clarke,01025,AL
Alabama,Clay,01027,AL
Alabama,Cleburne,01029,AL
Alabama,Coffee,01031,AL
Alabama,Colbert,01033,AL
Alabama,Conecuh,01035,AL
Alabama,Coosa,01037,AL
Alabama,Covington,01039,AL
Alabama,Crenshaw,01041,AL
Alabama,Cullman,01043,AL
Alabama,Dale,01045,AL
Alabama,Dallas,01047,AL
Alabama,DeKalb,01049,AL
Alabama,Elmore,01051,AL
Alabama,Escambia,01053,AL
Alabama,Etowah,01055,AL
Alabama,Fayette,01057,AL
Alabama,Franklin,01059,AL
Alabama,Geneva,01061,AL
Alabama,Greene,01063,AL
Alabama,Hale,01065,AL
Alabama,Henry,01067,AL
Alabama,Houston,01069,AL
Alabama,Jackson,01071,AL
Alabama,Jefferson,01073,AL
Alabama,Lamar,01075,AL
Alabama,Lauderdale,01077,AL
Alabama,Lawrence,01079,AL
Alabama,Lee,01081,AL
Alabama,Limestone,01083,AL
Alabama,Lowndes,01085,AL
Alabama,Macon,01087,AL
Alabama,Madison,01089,AL
Alabama,Marengo,01091,AL
Alabama,Marion,01093,AL
Alabama,Marshall,01095,AL
Alabama,Mobile,01097,AL
Alabama,Monroe,01099,AL
Alabama,Montgomery,01101,AL
Alabama,Morgan,01103,AL
Alabama,Perry,01105,AL
Alabama,Pickens,01107,AL
Alabama,Pike,01109,AL
Alabama,Randolph,01111,AL
Alabama,Russell,01113,AL
Alabama,Shelby,01117,AL
Alabama,St. Clair,01115,AL
Alabama,Sumter,01119,AL
Alabama,Talladega,01121,AL
Alabama,Tallapoosa,01123,AL
Alabama,Tuscaloosa,01125,AL
Alabama,Walker,01127,AL
Alabama,Washington,01129,AL
Alabama,Wilcox,01131,AL
Alabama,Winston,01133,AL
Alaska,Aleutians East Borough,02013,AK
Alaska,Aleutians West Census Area,02016,AK
Alaska,Anchorage,02020,AK
Alaska,Bethel Census Area,02050,AK
Alaska,Bristol Bay Borough,02060,AK
Alaska,Denali Borough,02068,AK
Alaska,Dillingham Census Area,02070,AK
Alaska,Fairbanks North Star Borough,02090,AK
Alaska,Haines Borough,02100,AK
Alaska,Juneau City and Borough,02110,AK
Alaska,Kenai Peninsula Borough,02122,AK
Alaska,Ketchikan Gateway Borough,02130,AK
Alaska,Kodiak Island Borough,02150,AK
Alaska,Kusilvak Census Area,02158,AK
Alaska,Lake and Peninsula Borough,02164,AK
Alaska,Matanuska-Susitna Borough,02170,AK
Alaska,Nome Census Area,02180,AK
Alaska,North Slope Borough,02185,AK
Alaska,Northwest Arctic Borough,02188,AK
Alaska,Petersburg Borough,02195,AK
Alaska,Prince of Wales-Hyder Census Area,02198,AK
Alaska,Sitka City and Borough,02220,AK
Alaska,Southeast Fairbanks Census Area,02240,AK
Alaska,Unknown,NA,AK
Alaska,Valdez-Cordova Census Area,02261,AK
Alaska,Wrangell City and Borough,02275,AK
Alaska,Yukon-Koyukuk Census Area,02290,AK
Arizona,Apache,04001,AZ
Arizona,Cochise,04003,AZ
Arizona,Coconino,04005,AZ
Arizona,Gila,04007,AZ
Arizona,Graham,04009,AZ
Arizona,Greenlee,04011,AZ
Arizona,La Paz,04012,AZ
Arizona,Maricopa,04013,AZ
Arizona,Mohave,04015,AZ
Arizona,Navajo,04017,AZ
Arizona,Pima,04019,AZ
Arizona,Pinal,04021,AZ
Arizona,Santa Cruz,04023,AZ
Arizona,Unknown,NA,AZ
Arizona,Yavapai,04025,AZ
Arizona,Yuma,04027,AZ
Arkansas,Arkansas,05001,AR
Arkansas,Ashley,05003,AR
Arkansas,Baxter,05005,AR
Arkansas,Benton,05007,AR
Arkansas,Boone,05009,AR
Arkansas,Bradley,05011,AR
Arkansas,Calhoun,05013,AR
Arkansas,Carroll,05015,AR
Arkansas,Chicot,05017,AR
Arkansas,Clark,05019,AR
Arkansas,Clay,05021,AR
Arkansas,Cleburne,05023,AR
Arkansas,Cleveland,05025,AR
Arkansas,Columbia,05027,AR
Arkansas,Conway,05029,AR
Arkansas,Craighead,05031,AR
Arkansas,Crawford,05033,AR
Arkansas,Crittenden,05035,AR
Arkansas,Cross,05037,AR
Arkansas,Dallas,05039,AR
Arkansas,Desha,05041,AR
Arkansas,Drew,05043,AR
Arkansas,Faulkner,05045,AR
Arkansas,Franklin,05047,AR
Arkansas,Fulton,05049,AR
Arkansas,Garland,05051,AR
Arkansas,Grant,05053,AR
Arkansas,Greene,05055,AR
Arkansas,Hempstead,05057,AR
Arkansas,Hot Spring,05059,AR
Arkansas,Howard,05061,AR
Arkansas,Independence,05063,AR
Arkansas,Izard,05065,AR
Arkansas,Jackson,05067,AR
Arkansas,Jefferson,05069,AR
Arkansas,Johnson,05071,AR
Arkansas,Lafayette,05073,AR
Arkansas,Lawrence,05075,AR
Arkansas,Lee,05077,AR
Arkansas,Lincoln,05079,AR
Arkansas,Little River,05081,AR
Arkansas,Logan,05083,AR
Arkansas,Lonoke,05085,AR
Arkansas,Madison,05087,AR
Arkansas,Marion,05089,AR
Arkansas,Miller,05091,AR
Arkansas,Mississippi,05093,AR
Arkansas,Monroe,05095,AR
Arkansas,Montgomery,05097,AR
Arkansas,Nevada,05099,AR
Arkansas,Newton,05101,AR
Arkansas,Ouachita,05103,AR
Arkansas,Perry,05105,AR
Arkansas,Phillips,05107,AR
Arkansas,Pike,05109,AR
Arkansas,Poinsett,05111,AR
Arkansas,Polk,05113,AR
Arkansas,Pope,05115,AR
Arkansas,Prairie,05117,AR
Arkansas,Pulaski,05119,AR
Arkansas,Randolph,05121,AR
Arkansas,Saline,05125,AR
Arkansas,Scott,05127,AR
Arkansas,Searcy,05129,AR
Arkansas,Sebastian,05131,AR
Arkansas,Sevier,05133,AR
Arkansas,Sharp,05135,AR
Arkansas,St. Francis,05123,AR
Arkansas,Stone,05137,AR
Arkansas,Union,05139,AR
Arkansas,Unknown,NA,AR
Arkansas,Van Buren,05141,AR
Arkansas,Washington,05143,AR
Arkansas,White,05145,AR
Arkansas,Woodruff,05147,AR
Arkansas,Yell,05149,AR
California,Alameda,06001,CA
California,Alpine,06003,CA
California,Amador,06005,CA
California,Butte,06007,CA
California,Calaveras,06009,CA
California,Colusa,06011,CA
California,Contra Costa,06013,CA
California,Del Norte,06015,CA
California,El Dorado,06017,CA
California,Fresno,06019,CA
California,Glenn,06021,CA
California,Humboldt,06023,CA
California,Imperial,06025,CA
California,Inyo,06027,CA
California,Kern,06029,CA
California,Kings,06031,CA
California,Lake,06033,CA
California,Lassen,06035,CA
California,Los Angeles,06037,CA
California,Madera,06039,CA
California,Marin,06041,CA
California,Mariposa,06043,CA
California,Mendocino,06045,CA
California,Merced,06047,CA
California,Modoc,06049,CA
California,Mono,06051,CA
California,Monterey,06053,CA
California,Napa,06055,CA
California,Nevada,06057,CA
California,Orange,06059,CA
California,Placer,06061,CA
California,Plumas,06063,CA
California,Riverside,06065,CA
California,Sacramento,06067,CA
California,San Benito,06069,CA
California,San Bernardino,06071,CA
California,San Diego,06073,CA
California,San Francisco,06075,CA
California,San Joaquin,06077,CA
California,San Luis Obispo,06079,CA
California,San Mateo,06081,CA
California,Santa Barbara,06083,CA
California,Santa Clara,06085,CA
California,Santa Cruz,06087,CA
California,Shasta,06089,CA
California,Sierra,06091,CA
California,Siskiyou,06093,CA
California,Solano,06095,CA
California,Sonoma,06097,CA
California,Stanislaus,06099,CA
California,Sutter,06101,CA
California,Tehama,06103,CA
California,Trinity,06105,CA
California,Tulare,06107,CA
California,Tuolumne,06109,CA
California,Unknown,NA,CA
California,Ventura,06111,CA
California,Yolo,06113,CA
California,Yuba,06115,CA
Colorado,Adams,08001,CO
Colorado,Alamosa,08003,CO
Colorado,Arapahoe,08005,CO
Colorado,Archuleta,08007,CO
Colorado,Baca,08009,CO
Colorado,Bent,08011,CO
Colorado,Boulder,08013,CO
Colorado,Broomfield,08014,CO
Colorado,Chaffee,08015,CO
Colorado,Cheyenne,08017,CO
Colorado,Clear Creek,08019,CO
Colorado,Conejos,08021,CO
Colorado,Costilla,08023,CO
Colorado,Crowley,08025,CO
Colorado,Custer,08027,CO
Colorado,Delta,08029,CO
Colorado,Denver,08031,CO
Colorado,Dolores,08033,CO
Colorado,Douglas,08035,CO
Colorado,Eagle,08037,CO
Colorado,El Paso,08041,CO
Colorado,Elbert,08039,CO
Colorado,Fremont,08043,CO
Colorado,Garfield,08045,CO
Colorado,Gilpin,08047,CO
Colorado,Grand,08049,CO
Colorado,Gunnison,08051,CO
Colorado,Hinsdale,08053,CO
Colorado,Huerfano,08055,CO
Colorado,Jackson,08057,CO
Colorado,Jefferson,08059,CO
Colorado,Kiowa,08061,CO
Colorado,Kit Carson,08063,CO
Colorado,La Plata,08067,CO
Colorado,Lake,08065,CO
Colorado,Larimer,08069,CO
Colorado,Las Animas,08071,CO
Colorado,Lincoln,08073,CO
Colorado,Logan,08075,CO
Colorado,Mesa,08077,CO
Colorado,Mineral,08079,CO
Colorado,Moffat,08081,CO
Colorado,Montezuma,08083,CO
Colorado,Montrose,08085,CO
Colorado,Morgan,08087,CO
Colorado,Otero,08089,CO
Colorado,Ouray,08091,CO
Colorado,Park,08093,CO
Colorado,Phillips,08095,CO
Colorado,Pitkin,08097,CO
Colorado,Prowers,08099,CO
Colorado,Pueblo,08101,CO
Colorado,Rio Blanco,08103,CO
Colorado,Rio Grande,08105,CO
Colorado,Routt,08107,CO
Colorado,Saguache,08109,CO
Colorado,San Juan,08111,CO
Colorado,San Miguel,08113,CO
Colorado,Sedgwick,08115,CO
Colorado,Summit,08117,CO
Colorado,Teller,08119,CO
Colorado,Unknown,NA,CO
Colorado,Washington,08121,CO
Colorado,Weld,08123,CO
Colorado,Yuma,08125,CO
Connecticut,Fairfield,09001,CT
Connecticut,Hartford,09003,CT
Connecticut,Litchfield,09005,CT
Connecticut,Middlesex,09007,CT
Connecticut,New Haven,09009,CT
Connecticut,New London,09011,CT
Connecticut,Tolland,09013,CT
Connecticut,Unknown,NA,CT
Connecticut,Windham,09015,CT
Delaware,Kent,10001,DE
Delaware,New Castle,10003,DE
Delaware,Sussex,10005,DE
Delaware,Unknown,NA,DE
District of Columbia,District of Columbia,11001,DC
Florida,Alachua,12001,FL
Florida,Baker,12003,FL
Florida,Bay,12005,FL
Florida,Bradford,12007,FL
Florida,Brevard,12009,FL
Florida,Broward,12011,FL
Florida,Calhoun,12013,FL
Florida,Charlotte,12015,FL
Florida,Citrus,12017,FL
Florida,Clay,12019,FL
Florida,Collier,12021,FL
Florida,Columbia,12023,FL
Florida,DeSoto,12027,FL
Florida,Dixie,12029,FL
Florida,Duval,12031,FL
Florida,Escambia,12033,FL
Florida,Flagler,12035,FL
Florida,Franklin,12037,FL
Florida,Gadsden,12039,FL
Florida,Gilchrist,12041,FL
Florida,Glades,12043,FL
Florida,Gulf,12045,FL
Florida,Hamilton,12047,FL
Florida,Hardee,12049,FL
Florida,Hendry,12051,FL
Florida,Hernando,12053,FL
Florida,Highlands,12055,FL
Florida,Hillsborough,12057,FL
Florida,Holmes,12059,FL
Florida,Indian River,12061,FL
Florida,Jackson,12063,FL
Florida,Jefferson,12065,FL
Florida,Lafayette,12067,FL
Florida,Lake,12069,FL
Florida,Lee,12071,FL
Florida,Leon,12073,FL
Florida,Levy,12075,FL
Florida,Liberty,12077,FL
Florida,Madison,12079,FL
Florida,Manatee,12081,FL
Florida,Marion,12083,FL
Florida,Martin,12085,FL
Florida,Miami-Dade,12086,FL
Florida,Monroe,12087,FL
Florida,Nassau,12089,FL
Florida,Okaloosa,12091,FL
Florida,Okeechobee,12093,FL
Florida,Orange,12095,FL
Florida,Osceola,12097,FL
Florida,Palm Beach,12099,FL
Florida,Pasco,12101,FL
Florida,Pinellas,12103,FL
Florida,Polk,12105,FL
Florida,Putnam,12107,FL
Florida,Santa Rosa,12113,FL
Florida,Sarasota,12115,FL
Florida,Seminole,12117,FL
Florida,St. Johns,12109,FL
Florida,St. Lucie,12111,FL
Florida,Sumter,12119,FL
Florida,Suwannee,12121,FL
Florida,Taylor,12123,FL
Florida,Union,12125,FL
Florida,Unknown,NA,FL
Florida,Volusia,12127,FL
Florida,Wakulla,12129,FL
Florida,Walton,12131,FL
Florida,Washington,12133,FL
Georgia,Appling,13001,GA
Georgia,Atkinson,13003,GA
Georgia,Bacon,13005,GA
Georgia,Baker,13007,GA
Georgia,Baldwin,13009,GA
Georgia,Banks,13011,GA
Georgia,Barrow,13013,GA
Georgia,Bartow,13015,GA
Georgia,Ben Hill,13017,GA
Georgia,Berrien,13019,GA
Georgia,Bibb,13021,GA
Georgia,Bleckley,13023,GA
Georgia,Brantley,13025,GA
Georgia,Brooks,13027,GA
Georgia,Bryan,13029,GA
Georgia,Bulloch,13031,GA
Georgia,Burke,13033,GA
Georgia,Butts,13035,GA
Georgia,Calhoun,13037,GA
Georgia,Camden,13039,GA
Georgia,Candler,13043,GA
Georgia,Carroll,13045,GA
Georgia,Catoosa,13047,GA
Georgia,Charlton,13049,GA
Georgia,Chatham,13051,GA
Georgia,Chattahoochee,13053,GA
Georgia,Chattooga,13055,GA
Georgia,Cherokee,13057,GA
Georgia,Clarke,13059,GA
Georgia,Clay,13061,GA
Georgia,Clayton,13063,GA
Georgia,Clinch,13065,GA
Georgia,Cobb,13067,GA
Georgia,Coffee,13069,GA
Georgia,Colquitt,13071,GA
Georgia,Columbia,13073,GA
Georgia,Cook,13075,GA
Georgia,Coweta,13077,GA
Georgia,Crawford,13079,GA
Georgia,Crisp,13081,GA
Georgia,Dade,13083,GA
Georgia,Dawson,13085,GA
Georgia,Decatur,13087,GA
Georgia,DeKalb,13089,GA
Georgia,Dodge,13091,GA
Georgia,Dooly,13093,GA
Georgia,Dougherty,13095,GA
Georgia,Douglas,13097,GA
Georgia,Early,13099,GA
Georgia,Echols,13101,GA
Georgia,Effingham,13103,GA
Georgia,Elbert,13105,GA
Georgia,Emanuel,13107,GA
Georgia,Evans,13109,GA
Georgia,Fannin,13111,GA
Georgia,Fayette,13113,GA
Georgia,Floyd,13115,GA
Georgia,Forsyth,13117,GA
Georgia,Franklin,13119,GA
Georgia,Fulton,13121,GA
Georgia,Gilmer,13123,GA
Georgia,Glascock,13125,GA
Georgia,Glynn,13127,GA
Georgia,Gordon,13129,GA
Georgia,Grady,13131,GA
Georgia,Greene,13133,GA
Georgia,Gwinnett,13135,GA
Georgia,Habersham,13137,GA
Georgia,Hall,13139,GA
Georgia,Hancock,13141,GA
Georgia,Haralson,13143,GA
Georgia,Harris,13145,GA
Georgia,Hart,13147,GA
Georgia,Heard,13149,GA
Georgia,Henry,13151,GA
Georgia,Houston,13153,GA
Georgia,Irwin,13155,GA
Georgia,Jackson,13157,GA
Georgia,Jasper,13159,GA
Georgia,Jeff Davis,13161,GA
Georgia,Jefferson,13163,GA
Georgia,Jenkins,13165,GA
Georgia,Johnson,13167,GA
Georgia,Jones,13169,GA
Georgia,Lamar,13171,GA
Georgia,Lanier,13173,GA
Georgia,Laurens,13175,GA
Georgia,Lee,13177,GA
Georgia,Liberty,13179,GA
Georgia,Lincoln,13181,GA
Georgia,Long,13183,GA
Georgia,Lowndes,13185,GA
Georgia,Lumpkin,13187,GA
Georgia,Macon,13193,GA
Georgia,Madison,13195,GA
Georgia,Marion,13197,GA
Georgia,McDuffie,13189,GA
Georgia,McIntosh,13191,GA
Georgia,Meriwether,13199,GA
Georgia,Miller,13201,GA
Georgia,Mitchell,13205,GA
Georgia,Monroe,13207,GA
Georgia,Montgomery,13209,GA
Georgia,Morgan,13211,GA
Georgia,Murray,13213,GA
Georgia,Muscogee,13215,GA
Georgia,Newton,13217,GA
Georgia,Oconee,13219,GA
Georgia,Oglethorpe,13221,GA
Georgia,Paulding,13223,GA
Georgia,Peach,13225,GA
Georgia,Pickens,13227,GA
Georgia,Pierce,13229,GA
Georgia,Pike,13231,GA
Georgia,Polk,13233,GA
Georgia,Pulaski,13235,GA
Georgia,Putnam,13237,GA
Georgia,Quitman,13239,GA
Georgia,Rabun,13241,GA
Georgia,Randolph,13243,GA
Georgia,Richmond,13245,GA
Georgia,Rockdale,13247,GA
Georgia,Schley,13249,GA
Georgia,Screven,13251,GA
Georgia,Seminole,13253,GA
Georgia,Spalding,13255,GA
Georgia,Stephens,13257,GA
Georgia,Stewart,13259,GA
Georgia,Sumter,13261,GA
Georgia,Talbot,13263,GA
Georgia,Taliaferro,13265,GA
Georgia,Tattnall,13267,GA
Georgia,Taylor,13269,GA
Georgia,Telfair,13271,GA
Georgia,Terrell,13273,GA
Georgia,Thomas,13275,GA
Georgia,Tift,13277,GA
Georgia,Toombs,13279,GA
Georgia,Towns,13281,GA
Georgia,Treutlen,13283,GA
Georgia,Troup,13285,GA
Georgia,Turner,13287,GA
Georgia,Twiggs,13289,GA
Georgia,Union,13291,GA
Georgia,Unknown,NA,GA
Georgia,Upson,13293,GA
Georgia,Walker,13295,GA
Georgia,Walton,13297,GA
Georgia,Ware,13299,GA
Georgia,Warren,13301,GA
Georgia,Washington,13303,GA
Georgia,Wayne,13305,GA
Georgia,Webster,13307,GA
Georgia,Wheeler,13309,GA
Georgia,White,13311,GA
Georgia,Whitfield,13313,GA
Georgia,Wilcox,13315,GA
Georgia,Wilkes,13317,GA
Georgia,Wilkinson,13319,GA
Georgia,Worth,13321,GA
Guam,Unknown,NA,NA
Hawaii,Hawaii,15001,HI
Hawaii,Honolulu,15003,HI
Hawaii,Kauai,15007,HI
Hawaii,Maui,15009,HI
Hawaii,Unknown,NA,HI
Idaho,Ada,16001,ID
Idaho,Adams,16003,ID
Idaho,Bannock,16005,ID
Idaho,Bear Lake,16007,ID
Idaho,Benewah,16009,ID
Idaho,Bingham,16011,ID
Idaho,Blaine,16013,ID
Idaho,Boise,16015,ID
Idaho,Bonner,16017,ID
Idaho,Bonneville,16019,ID
Idaho,Boundary,16021,ID
Idaho,Butte,16023,ID
Idaho,Camas,16025,ID
Idaho,Canyon,16027,ID
Idaho,Caribou,16029,ID
Idaho,Cassia,16031,ID
Idaho,Clark,16033,ID
Idaho,Clearwater,16035,ID
Idaho,Custer,16037,ID
Idaho,Elmore,16039,ID
Idaho,Franklin,16041,ID
Idaho,Fremont,16043,ID
Idaho,Gem,16045,ID
Idaho,Gooding,16047,ID
Idaho,Idaho,16049,ID
Idaho,Jefferson,16051,ID
Idaho,Jerome,16053,ID
Idaho,Kootenai,16055,ID
Idaho,Latah,16057,ID
Idaho,Lemhi,16059,ID
Idaho,Lewis,16061,ID
Idaho,Lincoln,16063,ID
Idaho,Madison,16065,ID
Idaho,Minidoka,16067,ID
Idaho,Nez Perce,16069,ID
Idaho,Oneida,16071,ID
Idaho,Owyhee,16073,ID
Idaho,Payette,16075,ID
Idaho,Power,16077,ID
Idaho,Shoshone,16079,ID
Idaho,Teton,16081,ID
Idaho,Twin Falls,16083,ID
Idaho,Unknown,NA,ID
Idaho,Valley,16085,ID
Idaho,Washington,16087,ID
Illinois,Adams,17001,IL
Illinois,Alexander,17003,IL
Illinois,Bond,17005,IL
Illinois,Boone,17007,IL
Illinois,Brown,17009,IL
Illinois,Bureau,17011,IL
Illinois,Calhoun,17013,IL
Illinois,Carroll,17015,IL
Illinois,Cass,17017,IL
Illinois,Champaign,17019,IL
Illinois,Christian,17021,IL
Illinois,Clark,17023,IL
Illinois,Clay,17025,IL
Illinois,Clinton,17027,IL
Illinois,Coles,17029,IL
Illinois,Cook,17031,IL
Illinois,Crawford,17033,IL
Illinois,Cumberland,17035,IL
Illinois,De Witt,17039,IL
Illinois,DeKalb,17037,IL
Illinois,Douglas,17041,IL
Illinois,DuPage,17043,IL
Illinois,Edgar,17045,IL
Illinois,Edwards,17047,IL
Illinois,Effingham,17049,IL
Illinois,Fayette,17051,IL
Illinois,Ford,17053,IL
Illinois,Franklin,17055,IL
Illinois,Fulton,17057,IL
Illinois,Gallatin,17059,IL
Illinois,Greene,17061,IL
Illinois,Grundy,17063,IL
Illinois,Hamilton,17065,IL
Illinois,Hancock,17067,IL
Illinois,Hardin,17069,IL
Illinois,Henderson,17071,IL
Illinois,Henry,17073,IL
Illinois,Iroquois,17075,IL
Illinois,Jackson,17077,IL
Illinois,Jasper,17079,IL
Illinois,Jefferson,17081,IL
Illinois,Jersey,17083,IL
Illinois,Jo Daviess,17085,IL
Illinois,Johnson,17087,IL
Illinois,Kane,17089,IL
Illinois,Kankakee,17091,IL
Illinois,Kendall,17093,IL
Illinois,Knox,17095,IL
Illinois,Lake,17097,IL
Illinois,LaSalle,17099,IL
Illinois,Lawrence,17101,IL
Illinois,Lee,17103,IL
Illinois,Livingston,17105,IL
Illinois,Logan,17107,IL
Illinois,Macon,17115,IL
Illinois,Macoupin,17117,IL
Illinois,Madison,17119,IL
Illinois,Marion,17121,IL
Illinois,Marshall,17123,IL
Illinois,Mason,17125,IL
Illinois,Massac,17127,IL
Illinois,McDonough,17109,IL
Illinois,McHenry,17111,IL
Illinois,McLean,17113,IL
Illinois,Menard,17129,IL
Illinois,Mercer,17131,IL
Illinois,Monroe,17133,IL
Illinois,Montgomery,17135,IL
Illinois,Morgan,17137,IL
Illinois,Moultrie,17139,IL
Illinois,Ogle,17141,IL
Illinois,Peoria,17143,IL
Illinois,Perry,17145,IL
Illinois,Piatt,17147,IL
Illinois,Pike,17149,IL
Illinois,Pope,17151,IL
Illinois,Pulaski,17153,IL
Illinois,Putnam,17155,IL
Illinois,Randolph,17157,IL
Illinois,Richland,17159,IL
Illinois,Rock Island,17161,IL
Illinois,Saline,17165,IL
Illinois,Sangamon,17167,IL
Illinois,Schuyler,17169,IL
Illinois,Scott,17171,IL
Illinois,Shelby,17173,IL
Illinois,St. Clair,17163,IL
Illinois,Stark,17175,IL
Illinois,Stephenson,17177,IL
Illinois,Tazewell,17179,IL
Illinois,Union,17181,IL
Illinois,Unknown,NA,IL
Illinois,Vermilion,17183,IL
Illinois,Wabash,17185,IL
Illinois,Warren,17187,IL
Illinois,Washington,17189,IL
Illinois,Wayne,17191,IL
Illinois,White,17193,IL
Illinois,Whiteside,17195,IL
Illinois,Will,17197,IL
Illinois,Williamson,17199,IL
Illinois,Winnebago,17201,IL
Illinois,Woodford,17203,IL
Indiana,Adams,18001,IN
Indiana,Allen,18003,IN
Indiana,Bartholomew,18005,IN
Indiana,Benton,18007,IN
Indiana,Blackford,18009,IN
Indiana,Boone,18011,IN
Indiana,Brown,18013,IN
Indiana,Carroll,18015,IN
Indiana,Cass,18017,IN
Indiana,Clark,18019,IN
Indiana,Clay,18021,IN
Indiana,Clinton,18023,IN
Indiana,Crawford,18025,IN
Indiana,Daviess,18027,IN
Indiana,Dearborn,18029,IN
Indiana,Decatur,18031,IN
Indiana,DeKalb,18033,IN
Indiana,Delaware,18035,IN
Indiana,Dubois,18037,IN
Indiana,Elkhart,18039,IN
Indiana,Fayette,18041,IN
Indiana,Floyd,18043,IN
Indiana,Fountain,18045,IN
Indiana,Franklin,18047,IN
Indiana,Fulton,18049,IN
Indiana,Gibson,18051,IN
Indiana,Grant,18053,IN
Indiana,Greene,18055,IN
Indiana,Hamilton,18057,IN
Indiana,Hancock,18059,IN
Indiana,Harrison,18061,IN
Indiana,Hendricks,18063,IN
Indiana,Henry,18065,IN
Indiana,Howard,18067,IN
Indiana,Huntington,18069,IN
Indiana,Jackson,18071,IN
Indiana,Jasper,18073,IN
Indiana,Jay,18075,IN
Indiana,Jefferson,18077,IN
Indiana,Jennings,18079,IN
Indiana,Johnson,18081,IN
Indiana,Knox,18083,IN
Indiana,Kosciusko,18085,IN
Indiana,LaGrange,18087,IN
Indiana,Lake,18089,IN
Indiana,LaPorte,18091,IN
Indiana,Lawrence,18093,IN
Indiana,Madison,18095,IN
Indiana,Marion,18097,IN
Indiana,Marshall,18099,IN
Indiana,Martin,18101,IN
Indiana,Miami,18103,IN
Indiana,Monroe,18105,IN
Indiana,Montgomery,18107,IN
Indiana,Morgan,18109,IN
Indiana,Newton,18111,IN
Indiana,Noble,18113,IN
Indiana,Ohio,18115,IN
Indiana,Orange,18117,IN
Indiana,Owen,18119,IN
Indiana,Parke,18121,IN
Indiana,Perry,18123,IN
Indiana,Pike,18125,IN
Indiana,Porter,18127,IN
Indiana,Posey,18129,IN
Indiana,Pulaski,18131,IN
Indiana,Putnam,18133,IN
Indiana,Randolph,18135,IN
Indiana,Ripley,18137,IN
Indiana,Rush,18139,IN
Indiana,Scott,18143,IN
Indiana,Shelby,18145,IN
Indiana,Spencer,18147,IN
Indiana,St. Joseph,18141,IN
Indiana,Starke,18149,IN
Indiana,Steuben,18151,IN
Indiana,Sullivan,18153,IN
Indiana,Switzerland,18155,IN
Indiana,Tippecanoe,18157,IN
Indiana,Tipton,18159,IN
Indiana,Union,18161,IN
Indiana,Unknown,NA,IN
Indiana,Vanderburgh,18163,IN
Indiana,Vermillion,18165,IN
Indiana,Vigo,18167,IN
Indiana,Wabash,18169,IN
Indiana,Warren,18171,IN
Indiana,Warrick,18173,IN
Indiana,Washington,18175,IN
Indiana,Wayne,18177,IN
Indiana,Wells,18179,IN
Indiana,White,18181,IN
Indiana,Whitley,18183,IN
Iowa,Adair,19001,IA
Iowa,Adams,19003,IA
Iowa,Allamakee,19005,IA
Iowa,Appanoose,19007,IA
Iowa,Audubon,19009,IA
Iowa,Benton,19011,IA
Iowa,Black Hawk,19013,IA
Iowa,Boone,19015,IA
Iowa,Bremer,19017,IA
Iowa,Buchanan,19019,IA
Iowa,Buena Vista,19021,IA
Iowa,Butler,19023,IA
Iowa,Calhoun,19025,IA
Iowa,Carroll,19027,IA
Iowa,Cass,19029,IA
Iowa,Cedar,19031,IA
Iowa,Cerro Gordo,19033,IA
Iowa,Cherokee,19035,IA
Iowa,Chickasaw,19037,IA
Iowa,Clarke,19039,IA
Iowa,Clay,19041,IA
Iowa,Clayton,19043,IA
Iowa,Clinton,19045,IA
Iowa,Crawford,19047,IA
Iowa,Dallas,19049,IA
Iowa,Davis,19051,IA
Iowa,Decatur,19053,IA
Iowa,Delaware,19055,IA
Iowa,Des Moines,19057,IA
Iowa,Dickinson,19059,IA
Iowa,Dubuque,19061,IA
Iowa,Emmet,19063,IA
Iowa,Fayette,19065,IA
Iowa,Floyd,19067,IA
Iowa,Franklin,19069,IA
Iowa,Fremont,19071,IA
Iowa,Greene,19073,IA
Iowa,Grundy,19075,IA
Iowa,Guthrie,19077,IA
Iowa,Hamilton,19079,IA
Iowa,Hancock,19081,IA
Iowa,Hardin,19083,IA
Iowa,Harrison,19085,IA
Iowa,Henry,19087,IA
Iowa,Howard,19089,IA
Iowa,Humboldt,19091,IA
Iowa,Ida,19093,IA
Iowa,Iowa,19095,IA
Iowa,Jackson,19097,IA
Iowa,Jasper,19099,IA
Iowa,Jefferson,19101,IA
Iowa,Johnson,19103,IA
Iowa,Jones,19105,IA
Iowa,Keokuk,19107,IA
Iowa,Kossuth,19109,IA
Iowa,Lee,19111,IA
Iowa,Linn,19113,IA
Iowa,Louisa,19115,IA
Iowa,Lucas,19117,IA
Iowa,Lyon,19119,IA
Iowa,Madison,19121,IA
Iowa,Mahaska,19123,IA
Iowa,Marion,19125,IA
Iowa,Marshall,19127,IA
Iowa,Mills,19129,IA
Iowa,Mitchell,19131,IA
Iowa,Monona,19133,IA
Iowa,Monroe,19135,IA
Iowa,Montgomery,19137,IA
Iowa,Muscatine,19139,IA
Iowa,O'Brien,19141,IA
Iowa,Osceola,19143,IA
Iowa,Page,19145,IA
Iowa,Palo Alto,19147,IA
Iowa,Plymouth,19149,IA
Iowa,Pocahontas,19151,IA
Iowa,Polk,19153,IA
Iowa,Pottawattamie,19155,IA
Iowa,Poweshiek,19157,IA
Iowa,Ringgold,19159,IA
Iowa,Sac,19161,IA
Iowa,Scott,19163,IA
Iowa,Shelby,19165,IA
Iowa,Sioux,19167,IA
Iowa,Story,19169,IA
Iowa,Tama,19171,IA
Iowa,Taylor,19173,IA
Iowa,Union,19175,IA
Iowa,Unknown,NA,IA
Iowa,Van Buren,19177,IA
Iowa,Wapello,19179,IA
Iowa,Warren,19181,IA
Iowa,Washington,19183,IA
Iowa,Wayne,19185,IA
Iowa,Webster,19187,IA
Iowa,Winnebago,19189,IA
Iowa,Winneshiek,19191,IA
Iowa,Woodbury,19193,IA
Iowa,Worth,19195,IA
Iowa,Wright,19197,IA
Kansas,Allen,20001,KS
Kansas,Anderson,20003,KS
Kansas,Atchison,20005,KS
Kansas,Barber,20007,KS
Kansas,Barton,20009,KS
Kansas,Bourbon,20011,KS
Kansas,Brown,20013,KS
Kansas,Butler,20015,KS
Kansas,Chase,20017,KS
Kansas,Chautauqua,20019,KS
Kansas,Cherokee,20021,KS
Kansas,Cheyenne,20023,KS
Kansas,Clark,20025,KS
Kansas,Clay,20027,KS
Kansas,Cloud,20029,KS
Kansas,Coffey,20031,KS
Kansas,Comanche,20033,KS
Kansas,Cowley,20035,KS
Kansas,Crawford,20037,KS
Kansas,Decatur,20039,KS
Kansas,Dickinson,20041,KS
Kansas,Doniphan,20043,KS
Kansas,Douglas,20045,KS
Kansas,Edwards,20047,KS
Kansas,Elk,20049,KS
Kansas,Ellis,20051,KS
Kansas,Ellsworth,20053,KS
Kansas,Finney,20055,KS
Kansas,Ford,20057,KS
Kansas,Franklin,20059,KS
Kansas,Geary,20061,KS
Kansas,Gove,20063,KS
Kansas,Graham,20065,KS
Kansas,Grant,20067,KS
Kansas,Gray,20069,KS
Kansas,Greeley,20071,KS
Kansas,Greenwood,20073,KS
Kansas,Hamilton,20075,KS
Kansas,Harper,20077,KS
Kansas,Harvey,20079,KS
Kansas,Haskell,20081,KS
Kansas,Hodgeman,20083,KS
Kansas,Jackson,20085,KS
Kansas,Jefferson,20087,KS
Kansas,Jewell,20089,KS
Kansas,Johnson,20091,KS
Kansas,Kearny,20093,KS
Kansas,Kingman,20095,KS
Kansas,Kiowa,20097,KS
Kansas,Labette,20099,KS
Kansas,Lane,20101,KS
Kansas,Leavenworth,20103,KS
Kansas,Lincoln,20105,KS
Kansas,Linn,20107,KS
Kansas,Logan,20109,KS
Kansas,Lyon,20111,KS
Kansas,Marion,20115,KS
Kansas,Marshall,20117,KS
Kansas,McPherson,20113,KS
Kansas,Meade,20119,KS
Kansas,Miami,20121,KS
Kansas,Mitchell,20123,KS
Kansas,Montgomery,20125,KS
Kansas,Morris,20127,KS
Kansas,Morton,20129,KS
Kansas,Nemaha,20131,KS
Kansas,Neosho,20133,KS
Kansas,Ness,20135,KS
Kansas,Norton,20137,KS
Kansas,Osage,20139,KS
Kansas,Osborne,20141,KS
Kansas,Ottawa,20143,KS
Kansas,Pawnee,20145,KS
Kansas,Phillips,20147,KS
Kansas,Pottawatomie,20149,KS
Kansas,Pratt,20151,KS
Kansas,Rawlins,20153,KS
Kansas,Reno,20155,KS
Kansas,Republic,20157,KS
Kansas,Rice,20159,KS
Kansas,Riley,20161,KS
Kansas,Rooks,20163,KS
Kansas,Rush,20165,KS
Kansas,Russell,20167,KS
Kansas,Saline,20169,KS
Kansas,Scott,20171,KS
Kansas,Sedgwick,20173,KS
Kansas,Seward,20175,KS
Kansas,Shawnee,20177,KS
Kansas,Sheridan,20179,KS
Kansas,Sherman,20181,KS
Kansas,Smith,20183,KS
Kansas,Stafford,20185,KS
Kansas,Stanton,20187,KS
Kansas,Stevens,20189,KS
Kansas,Sumner,20191,KS
Kansas,Thomas,20193,KS
Kansas,Trego,20195,KS
Kansas,Unknown,NA,KS
Kansas,Wabaunsee,20197,KS
Kansas,Wallace,20199,KS
Kansas,Washington,20201,KS
Kansas,Wichita,20203,KS
Kansas,Wilson,20205,KS
Kansas,Woodson,20207,KS
Kansas,Wyandotte,20209,KS
Kentucky,Adair,21001,KY
Kentucky,Allen,21003,KY
Kentucky,Anderson,21005,KY
Kentucky,Ballard,21007,KY
Kentucky,Barren,21009,KY
Kentucky,Bath,21011,KY
Kentucky,Bell,21013,KY
Kentucky,Boone,21015,KY
Kentucky,Bourbon,21017,KY
Kentucky,Boyd,21019,KY
Kentucky,Boyle,21021,KY
Kentucky,Bracken,21023,KY
Kentucky,Breathitt,21025,KY
Kentucky,Breckinridge,21027,KY
Kentucky,Bullitt,21029,KY
Kentucky,Butler,21031,KY
Kentucky,Caldwell,21033,KY
Kentucky,Calloway,21035,KY
Kentucky,Campbell,21037,KY
Kentucky,Carlisle,21039,KY
Kentucky,Carroll,21041,KY
Kentucky,Carter,21043,KY
Kentucky,Casey,21045,KY
Kentucky,Christian,21047,KY
Kentucky,Clark,21049,KY
Kentucky,Clay,21051,KY
Kentucky,Clinton,21053,KY
Kentucky,Crittenden,21055,KY
Kentucky,Cumberland,21057,KY
Kentucky,Daviess,21059,KY
Kentucky,Edmonson,21061,KY
Kentucky,Elliott,21063,KY
Kentucky,Estill,21065,KY
Kentucky,Fayette,21067,KY
Kentucky,Fleming,21069,KY
Kentucky,Floyd,21071,KY
Kentucky,Franklin,21073,KY
Kentucky,Fulton,21075,KY
Kentucky,Gallatin,21077,KY
Kentucky,Garrard,21079,KY
Kentucky,Grant,21081,KY
Kentucky,Graves,21083,KY
Kentucky,Grayson,21085,KY
Kentucky,Green,21087,KY
Kentucky,Greenup,21089,KY
Kentucky,Hancock,21091,KY
Kentucky,Hardin,21093,KY
Kentucky,Harlan,21095,KY
Kentucky,Harrison,21097,KY
Kentucky,Hart,21099,KY
Kentucky,Henderson,21101,KY
Kentucky,Henry,21103,KY
Kentucky,Hickman,21105,KY
Kentucky,Hopkins,21107,KY
Kentucky,Jackson,21109,KY
Kentucky,Jefferson,21111,KY
Kentucky,Jessamine,21113,KY
Kentucky,Johnson,21115,KY
Kentucky,Kenton,21117,KY
Kentucky,Knott,21119,KY
Kentucky,Knox,21121,KY
Kentucky,Larue,21123,KY
Kentucky,Laurel,21125,KY
Kentucky,Lawrence,21127,KY
Kentucky,Lee,21129,KY
Kentucky,Leslie,21131,KY
Kentucky,Letcher,21133,KY
Kentucky,Lewis,21135,KY
Kentucky,Lincoln,21137,KY
Kentucky,Livingston,21139,KY
Kentucky,Logan,21141,KY
Kentucky,Lyon,21143,KY
Kentucky,Madison,21151,KY
Kentucky,Magoffin,21153,KY
Kentucky,Marion,21155,KY
Kentucky,Marshall,21157,KY
Kentucky,Martin,21159,KY
Kentucky,Mason,21161,KY
Kentucky,McCracken,21145,KY
Kentucky,McCreary,21147,KY
Kentucky,McLean,21149,KY
Kentucky,Meade,21163,KY
Kentucky,Menifee,21165,KY
Kentucky,Mercer,21167,KY
Kentucky,Metcalfe,21169,KY
Kentucky,Monroe,21171,KY
Kentucky,Montgomery,21173,KY
Kentucky,Morgan,21175,KY
Kentucky,Muhlenberg,21177,KY
Kentucky,Nelson,21179,KY
Kentucky,Nicholas,21181,KY
Kentucky,Ohio,21183,KY
Kentucky,Oldham,21185,KY
Kentucky,Owen,21187,KY
Kentucky,Owsley,21189,KY
Kentucky,Pendleton,21191,KY
Kentucky,Perry,21193,KY
Kentucky,Pike,21195,KY
Kentucky,Powell,21197,KY
Kentucky,Pulaski,21199,KY
Kentucky,Robertson,21201,KY
Kentucky,Rockcastle,21203,KY
Kentucky,Rowan,21205,KY
Kentucky,Russell,21207,KY
Kentucky,Scott,21209,KY
Kentucky,Shelby,21211,KY
Kentucky,Simpson,21213,KY
Kentucky,Spencer,21215,KY
Kentucky,Taylor,21217,KY
Kentucky,Todd,21219,KY
Kentucky,Trigg,21221,KY
Kentucky,Trimble,21223,KY
Kentucky,Union,21225,KY
Kentucky,Unknown,NA,KY
Kentucky,Warren,21227,KY
Kentucky,Washington,21229,KY
Kentucky,Wayne,21231,KY
Kentucky,Webster,21233,KY
Kentucky,Whitley,21235,KY
Kentucky,Wolfe,21237,KY
Kentucky,Woodford,21239,KY
Louisiana,Acadia,22001,LA
Louisiana,Allen,22003,LA
Louisiana,Ascension,22005,LA
Louisiana,Assumption,22007,LA
Louisiana,Avoyelles,22009,LA
Louisiana,Beauregard,22011,LA
Louisiana,Bienville,22013,LA
Louisiana,Bossier,22015,LA
Louisiana,Caddo,22017,LA
Louisiana,Calcasieu,22019,LA
Louisiana,Caldwell,22021,LA
Louisiana,Cameron,22023,LA
Louisiana,Catahoula,22025,LA
Louisiana,Claiborne,22027,LA
Louisiana,Concordia,22029,LA
Louisiana,De Soto,22031,LA
Louisiana,East Baton Rouge,22033,LA
Louisiana,East Carroll,22035,LA
Louisiana,East Feliciana,22037,LA
Louisiana,Evangeline,22039,LA
Louisiana,Franklin,22041,LA
Louisiana,Grant,22043,LA
Louisiana,Iberia,22045,LA
Louisiana,Iberville,22047,LA
Louisiana,Jackson,22049,LA
Louisiana,Jefferson,22051,LA
Louisiana,Jefferson Davis,22053,LA
Louisiana,Lafayette,22055,LA
Louisiana,Lafourche,22057,LA
Louisiana,LaSalle,22059,LA
Louisiana,Lincoln,22061,LA
Louisiana,Livingston,22063,LA
Louisiana,Madison,22065,LA
Louisiana,Morehouse,22067,LA
Louisiana,Natchitoches,22069,LA
Louisiana,Orleans,22071,LA
Louisiana,Ouachita,22073,LA
Louisiana,Plaquemines,22075,LA
Louisiana,Pointe Coupee,22077,LA
Louisiana,Rapides,22079,LA
Louisiana,Red River,22081,LA
Louisiana,Richland,22083,LA
Louisiana,Sabine,22085,LA
Louisiana,St. Bernard,22087,LA
Louisiana,St. Charles,22089,LA
Louisiana,St. Helena,22091,LA
Louisiana,St. James,22093,LA
Louisiana,St. John the Baptist,22095,LA
Louisiana,St. Landry,22097,LA
Louisiana,St. Martin,22099,LA
Louisiana,St. Mary,22101,LA
Louisiana,St. Tammany,22103,LA
Louisiana,Tangipahoa,22105,LA
Louisiana,Tensas,22107,LA
Louisiana,Terrebonne,22109,LA
Louisiana,Union,22111,LA
Louisiana,Unknown,NA,LA
Louisiana,Vermilion,22113,LA
Louisiana,Vernon,22115,LA
Louisiana,Washington,22117,LA
Louisiana,Webster,22119,LA
Louisiana,West Baton Rouge,22121,LA
Louisiana,West Carroll,22123,LA
Louisiana,West Feliciana,22125,LA
Louisiana,Winn,22127,LA
Maine,Androscoggin,23001,ME
Maine,Aroostook,23003,ME
Maine,Cumberland,23005,ME
Maine,Franklin,23007,ME
Maine,Hancock,23009,ME
Maine,Kennebec,23011,ME
Maine,Knox,23013,ME
Maine,Lincoln,23015,ME
Maine,Oxford,23017,ME
Maine,Penobscot,23019,ME
Maine,Piscataquis,23021,ME
Maine,Sagadahoc,23023,ME
Maine,Somerset,23025,ME
Maine,Unknown,NA,ME
Maine,Waldo,23027,ME
Maine,Washington,23029,ME
Maine,York,23031,ME
Maryland,Allegany,24001,MD
Maryland,Anne Arundel,24003,MD
Maryland,Baltimore,24005,MD
Maryland,Baltimore city,24510,MD
Maryland,Calvert,24009,MD
Maryland,Caroline,24011,MD
Maryland,Carroll,24013,MD
Maryland,Cecil,24015,MD
Maryland,Charles,24017,MD
Maryland,Dorchester,24019,MD
Maryland,Frederick,24021,MD
Maryland,Garrett,24023,MD
Maryland,Harford,24025,MD
Maryland,Howard,24027,MD
Maryland,Kent,24029,MD
Maryland,Montgomery,24031,MD
Maryland,Prince George's,24033,MD
Maryland,Queen Anne's,24035,MD
Maryland,Somerset,24039,MD
Maryland,St. Mary's,24037,MD
Maryland,Talbot,24041,MD
Maryland,Unknown,NA,MD
Maryland,Washington,24043,MD
Maryland,Wicomico,24045,MD
Maryland,Worcester,24047,MD
Massachusetts,Barnstable,25001,MA
Massachusetts,Berkshire,25003,MA
Massachusetts,Bristol,25005,MA
Massachusetts,Dukes,25007,MA
Massachusetts,Essex,25009,MA
Massachusetts,Franklin,25011,MA
Massachusetts,Hampden,25013,MA
Massachusetts,Hampshire,25015,MA
Massachusetts,Middlesex,25017,MA
Massachusetts,Nantucket,25019,MA
Massachusetts,Norfolk,25021,MA
Massachusetts,Plymouth,25023,MA
Massachusetts,Suffolk,25025,MA
Massachusetts,Unknown,NA,MA
Massachusetts,Worcester,25027,MA
Michigan,Alcona,26001,MI
Michigan,Alger,26003,MI
Michigan,Allegan,26005,MI
Michigan,Alpena,26007,MI
Michigan,Antrim,26009,MI
Michigan,Arenac,26011,MI
Michigan,Baraga,26013,MI
Michigan,Barry,26015,MI
Michigan,Bay,26017,MI
Michigan,Benzie,26019,MI
Michigan,Berrien,26021,MI
Michigan,Branch,26023,MI
Michigan,Calhoun,26025,MI
Michigan,Cass,26027,MI
Michigan,Charlevoix,26029,MI
Michigan,Cheboygan,26031,MI
Michigan,Chippewa,26033,MI
Michigan,Clare,26035,MI
Michigan,Clinton,26037,MI
Michigan,Crawford,26039,MI
Michigan,Delta,26041,MI
Michigan,Dickinson,26043,MI
Michigan,Eaton,26045,MI
Michigan,Emmet,26047,MI
Michigan,Genesee,26049,MI
Michigan,Gladwin,26051,MI
Michigan,Gogebic,26053,MI
Michigan,Grand Traverse,26055,MI
Michigan,Gratiot,26057,MI
Michigan,Hillsdale,26059,MI
Michigan,Houghton,26061,MI
Michigan,Huron,26063,MI
Michigan,Ingham,26065,MI
Michigan,Ionia,26067,MI
Michigan,Iosco,26069,MI
Michigan,Iron,26071,MI
Michigan,Isabella,26073,MI
Michigan,Jackson,26075,MI
Michigan,Kalamazoo,26077,MI
Michigan,Kalkaska,26079,MI
Michigan,Kent,26081,MI
Michigan,Keweenaw,26083,MI
Michigan,Lake,26085,MI
Michigan,Lapeer,26087,MI
Michigan,Leelanau,26089,MI
Michigan,Lenawee,26091,MI
Michigan,Livingston,26093,MI
Michigan,Luce,26095,MI
Michigan,Mackinac,26097,MI
Michigan,Macomb,26099,MI
Michigan,Manistee,26101,MI
Michigan,Marquette,26103,MI
Michigan,Mason,26105,MI
Michigan,Mecosta,26107,MI
Michigan,Menominee,26109,MI
Michigan,Midland,26111,MI
Michigan,Missaukee,26113,MI
Michigan,Monroe,26115,MI
Michigan,Montcalm,26117,MI
Michigan,Montmorency,26119,MI
Michigan,Muskegon,26121,MI
Michigan,Newaygo,26123,MI
Michigan,Oakland,26125,MI
Michigan,Oceana,26127,MI
Michigan,Ogemaw,26129,MI
Michigan,Ontonagon,26131,MI
Michigan,Osceola,26133,MI
Michigan,Oscoda,26135,MI
Michigan,Otsego,26137,MI
Michigan,Ottawa,26139,MI
Michigan,Presque Isle,26141,MI
Michigan,Roscommon,26143,MI
Michigan,Saginaw,26145,MI
Michigan,Sanilac,26151,MI
Michigan,Schoolcraft,26153,MI
Michigan,Shiawassee,26155,MI
Michigan,St. Clair,26147,MI
Michigan,St. Joseph,26149,MI
Michigan,Tuscola,26157,MI
Michigan,Unknown,NA,MI
Michigan,Van Buren,26159,MI
Michigan,Washtenaw,26161,MI
Michigan,Wayne,26163,MI
Michigan,Wexford,26165,MI
Minnesota,Aitkin,27001,MN
Minnesota,Anoka,27003,MN
Minnesota,Becker,27005,MN
Minnesota,Beltrami,27007,MN
Minnesota,Benton,27009,MN
Minnesota,Big Stone,27011,MN
Minnesota,Blue Earth,27013,MN
Minnesota,Brown,27015,MN
Minnesota,Carlton,27017,MN
Minnesota,Carver,27019,MN
Minnesota,Cass,27021,MN
Minnesota,Chippewa,27023,MN
Minnesota,Chisago,27025,MN
Minnesota,Clay,27027,MN
Minnesota,Clearwater,27029,MN
Minnesota,Cook,27031,MN
Minnesota,Cottonwood,27033,MN
Minnesota,Crow Wing,27035,MN
Minnesota,Dakota,27037,MN
Minnesota,Dodge,27039,MN
Minnesota,Douglas,27041,MN
Minnesota,Faribault,27043,MN
Minnesota,Fillmore,27045,MN
Minnesota,Freeborn,27047,MN
Minnesota,Goodhue,27049,MN
Minnesota,Grant,27051,MN
Minnesota,Hennepin,27053,MN
Minnesota,Houston,27055,MN
Minnesota,Hubbard,27057,MN
Minnesota,Isanti,27059,MN
Minnesota,Itasca,27061,MN
Minnesota,Jackson,27063,MN
Minnesota,Kanabec,27065,MN
Minnesota,Kandiyohi,27067,MN
Minnesota,Kittson,27069,MN
Minnesota,Koochiching,27071,MN
Minnesota,Lac qui Parle,27073,MN
Minnesota,Lake,27075,MN
Minnesota,Lake of the Woods,27077,MN
Minnesota,Le Sueur,27079,MN
Minnesota,Lincoln,27081,MN
Minnesota,Lyon,27083,MN
Minnesota,Mahnomen,27087,MN
Minnesota,Marshall,27089,MN
Minnesota,Martin,27091,MN
Minnesota,McLeod,27085,MN
Minnesota,Meeker,27093,MN
Minnesota,Mille Lacs,27095,MN
Minnesota,Morrison,27097,MN
Minnesota,Mower,27099,MN
Minnesota,Murray,27101,MN
Minnesota,Nicollet,27103,MN
Minnesota,Nobles,27105,MN
Minnesota,Norman,27107,MN
Minnesota,Olmsted,27109,MN
Minnesota,Otter Tail,27111,MN
Minnesota,Pennington,27113,MN
Minnesota,Pine,27115,MN
Minnesota,Pipestone,27117,MN
Minnesota,Polk,27119,MN
Minnesota,Pope,27121,MN
Minnesota,Ramsey,27123,MN
Minnesota,Red Lake,27125,MN
Minnesota,Redwood,27127,MN
Minnesota,Renville,27129,MN
Minnesota,Rice,27131,MN
Minnesota,Rock,27133,MN
Minnesota,Roseau,27135,MN
Minnesota,Scott,27139,MN
Minnesota,Sherburne,27141,MN
Minnesota,Sibley,27143,MN
Minnesota,St. Louis,27137,MN
Minnesota,Stearns,27145,MN
Minnesota,Steele,27147,MN
Minnesota,Stevens,27149,MN
Minnesota,Swift,27151,MN
Minnesota,Todd,27153,MN
Minnesota,Traverse,27155,MN
Minnesota,Unknown,NA,MN
Minnesota,Wabasha,27157,MN
Minnesota,Wadena,27159,MN
Minnesota,Waseca,27161,MN
Minnesota,Washington,27163,MN
Minnesota,Watonwan,27165,MN
Minnesota,Wilkin,27167,MN
Minnesota,Winona,27169,MN
Minnesota,Wright,27171,MN
Minnesota,Yellow Medicine,27173,MN
Mississippi,Adams,28001,MS
Mississippi,Alcorn,28003,MS
Mississippi,Amite,28005,MS
Mississippi,Attala,28007,MS
Mississippi,Benton,28009,MS
Mississippi,Bolivar,28011,MS
Mississippi,Calhoun,28013,MS
Mississippi,Carroll,28015,MS
Mississippi,Chickasaw,28017,MS
Mississippi,Choctaw,28019,MS
Mississippi,Claiborne,28021,MS
Mississippi,Clarke,28023,MS
Mississippi,Clay,28025,MS
Mississippi,Coahoma,28027,MS
Mississippi,Copiah,28029,MS
Mississippi,Covington,28031,MS
Mississippi,DeSoto,28033,MS
Mississippi,Forrest,28035,MS
Mississippi,Franklin,28037,MS
Mississippi,George,28039,MS
Mississippi,Greene,28041,MS
Mississippi,Grenada,28043,MS
Mississippi,Hancock,28045,MS
Mississippi,Harrison,28047,MS
Mississippi,Hinds,28049,MS
Mississippi,Holmes,28051,MS
Mississippi,Humphreys,28053,MS
Mississippi,Issaquena,28055,MS
Mississippi,Itawamba,28057,MS
Mississippi,Jackson,28059,MS
Mississippi,Jasper,28061,MS
Mississippi,Jefferson,28063,MS
Mississippi,Jefferson Davis,28065,MS
Mississippi,Jones,28067,MS
Mississippi,Kemper,28069,MS
Mississippi,Lafayette,28071,MS
Mississippi,Lamar,28073,MS
Mississippi,Lauderdale,28075,MS
Mississippi,Lawrence,28077,MS
Mississippi,Leake,28079,MS
Mississippi,Lee,28081,MS
Mississippi,Leflore,28083,MS
Mississippi,Lincoln,28085,MS
Mississippi,Lowndes,28087,MS
Mississippi,Madison,28089,MS
Mississippi,Marion,28091,MS
Mississippi,Marshall,28093,MS
Mississippi,Monroe,28095,MS
Mississippi,Montgomery,28097,MS
Mississippi,Neshoba,28099,MS
Mississippi,Newton,28101,MS
Mississippi,Noxubee,28103,MS
Mississippi,Oktibbeha,28105,MS
Mississippi,Panola,28107,MS
Mississippi,Pearl River,28109,MS
Mississippi,Perry,28111,MS
Mississippi,Pike,28113,MS
Mississippi,Pontotoc,28115,MS
Mississippi,Prentiss,28117,MS
Mississippi,Quitman,28119,MS
Mississippi,Rankin,28121,MS
Mississippi,Scott,28123,MS
Mississippi,Sharkey,28125,MS
Mississippi,Simpson,28127,MS
Mississippi,Smith,28129,MS
Mississippi,Stone,28131,MS
Mississippi,Sunflower,28133,MS
Mississippi,Tallahatchie,28135,MS
Mississippi,Tate,28137,MS
Mississippi,Tippah,28139,MS
Mississippi,Tishomingo,28141,MS
Mississippi,Tunica,28143,MS
Mississippi,Union,28145,MS
Mississippi,Unknown,NA,MS
Mississippi,Walthall,28147,MS
Mississippi,Warren,28149,MS
Mississippi,Washington,28151,MS
Mississippi,Wayne,28153,MS
Mississippi,Webster,28155,MS
Mississippi,Wilkinson,28157,MS
Mississippi,Winston,28159,MS
Mississippi,Yalobusha,28161,MS
Mississippi,Yazoo,28163,MS
Missouri,Adair,29001,MO
Missouri,Andrew,29003,MO
Missouri,Atchison,29005,MO
Missouri,Audrain,29007,MO
Missouri,Barry,29009,MO
Missouri,Barton,29011,MO
Missouri,Bates,29013,MO
Missouri,Benton,29015,MO
Missouri,Bollinger,29017,MO
Missouri,Boone,29019,MO
Missouri,Buchanan,29021,MO
Missouri,Butler,29023,MO
Missouri,Caldwell,29025,MO
Missouri,Callaway,29027,MO
Missouri,Camden,29029,MO
Missouri,Cape Girardeau,29031,MO
Missouri,Carroll,29033,MO
Missouri,Carter,29035,MO
Missouri,Cass,29037,MO
Missouri,Cedar,29039,MO
Missouri,Chariton,29041,MO
Missouri,Christian,29043,MO
Missouri,Clark,29045,MO
Missouri,Clay,29047,MO
Missouri,Clinton,29049,MO
Missouri,Cole,29051,MO
Missouri,Cooper,29053,MO
Missouri,Crawford,29055,MO
Missouri,Dade,29057,MO
Missouri,Dallas,29059,MO
Missouri,Daviess,29061,MO
Missouri,DeKalb,29063,MO
Missouri,Dent,29065,MO
Missouri,Douglas,29067,MO
Missouri,Dunklin,29069,MO
Missouri,Franklin,29071,MO
Missouri,Gasconade,29073,MO
Missouri,Gentry,29075,MO
Missouri,Greene,29077,MO
Missouri,Grundy,29079,MO
Missouri,Harrison,29081,MO
Missouri,Henry,29083,MO
Missouri,Hickory,29085,MO
Missouri,Holt,29087,MO
Missouri,Howard,29089,MO
Missouri,Howell,29091,MO
Missouri,Iron,29093,MO
Missouri,Jackson,29095,MO
Missouri,Jasper,29097,MO
Missouri,Jefferson,29099,MO
Missouri,Johnson,29101,MO
Missouri,Joplin,NA,MO
Missouri,Kansas City,NA,MO
Missouri,Knox,29103,MO
Missouri,Laclede,29105,MO
Missouri,Lafayette,29107,MO
Missouri,Lawrence,29109,MO
Missouri,Lewis,29111,MO
Missouri,Lincoln,29113,MO
Missouri,Linn,29115,MO
Missouri,Livingston,29117,MO
Missouri,Macon,29121,MO
Missouri,Madison,29123,MO
Missouri,Maries,29125,MO
Missouri,Marion,29127,MO
Missouri,McDonald,29119,MO
Missouri,Mercer,29129,MO
Missouri,Miller,29131,MO
Missouri,Mississippi,29133,MO
Missouri,Moniteau,29135,MO
Missouri,Monroe,29137,MO
Missouri,Montgomery,29139,MO
Missouri,Morgan,29141,MO
Missouri,New Madrid,29143,MO
Missouri,Newton,29145,MO
Missouri,Nodaway,29147,MO
Missouri,Oregon,29149,MO
Missouri,Osage,29151,MO
Missouri,Ozark,29153,MO
Missouri,Pemiscot,29155,MO
Missouri,Perry,29157,MO
Missouri,Pettis,29159,MO
Missouri,Phelps,29161,MO
Missouri,Pike,29163,MO
Missouri,Platte,29165,MO
Missouri,Polk,29167,MO
Missouri,Pulaski,29169,MO
Missouri,Putnam,29171,MO
Missouri,Ralls,29173,MO
Missouri,Randolph,29175,MO
Missouri,Ray,29177,MO
Missouri,Reynolds,29179,MO
Missouri,Ripley,29181,MO
Missouri,Saline,29195,MO
Missouri,Schuyler,29197,MO
Missouri,Scotland,29199,MO
Missouri,Scott,29201,MO
Missouri,Shannon,29203,MO
Missouri,Shelby,29205,MO
Missouri,St. Charles,29183,MO
Missouri,St. Clair,29185,MO
Missouri,St. Francois,29187,MO
Missouri,St. Louis,29189,MO
Missouri,St. Louis city,29510,MO
Missouri,Ste. Genevieve,29186,MO
Missouri,Stoddard,29207,MO
Missouri,Stone,29209,MO
Missouri,Sullivan,29211,MO
Missouri,Taney,29213,MO
Missouri,Texas,29215,MO
Missouri,Unknown,NA,MO
Missouri,Vernon,29217,MO
Missouri,Warren,29219,MO
Missouri,Washington,29221,MO
Missouri,Wayne,29223,MO
Missouri,Webster,29225,MO
Missouri,Worth,29227,MO
Missouri,Wright,29229,MO
Montana,Beaverhead,30001,MT
Montana,Big Horn,30003,MT
Montana,Blaine,30005,MT
Montana,Broadwater,30007,MT
Montana,Carbon,30009,MT
Montana,Carter,30011,MT
Montana,Cascade,30013,MT
Montana,Chouteau,30015,MT
Montana,Custer,30017,MT
Montana,Daniels,30019,MT
Montana,Dawson,30021,MT
Montana,Deer Lodge,30023,MT
Montana,Fallon,30025,MT
Montana,Fergus,30027,MT
Montana,Flathead,30029,MT
Montana,Gallatin,30031,MT
Montana,Garfield,30033,MT
Montana,Glacier,30035,MT
Montana,Golden Valley,30037,MT
Montana,Granite,30039,MT
Montana,Hill,30041,MT
Montana,Jefferson,30043,MT
Montana,Judith Basin,30045,MT
Montana,Lake,30047,MT
Montana,Lewis and Clark,30049,MT
Montana,Liberty,30051,MT
Montana,Lincoln,30053,MT
Montana,Madison,30057,MT
Montana,McCone,30055,MT
Montana,Meagher,30059,MT
Montana,Mineral,30061,MT
Montana,Missoula,30063,MT
Montana,Musselshell,30065,MT
Montana,Park,30067,MT
Montana,Petroleum,30069,MT
Montana,Phillips,30071,MT
Montana,Pondera,30073,MT
Montana,Powder River,30075,MT
Montana,Powell,30077,MT
Montana,Prairie,30079,MT
Montana,Ravalli,30081,MT
Montana,Richland,30083,MT
Montana,Roosevelt,30085,MT
Montana,Rosebud,30087,MT
Montana,Sanders,30089,MT
Montana,Sheridan,30091,MT
Montana,Silver Bow,30093,MT
Montana,Stillwater,30095,MT
Montana,Sweet Grass,30097,MT
Montana,Teton,30099,MT
Montana,Toole,30101,MT
Montana,Treasure,30103,MT
Montana,Unknown,NA,MT
Montana,Valley,30105,MT
Montana,Wheatland,30107,MT
Montana,Wibaux,30109,MT
Montana,Yellowstone,30111,MT
Nebraska,Adams,31001,NE
Nebraska,Antelope,31003,NE
Nebraska,Arthur,31005,NE
Nebraska,Banner,31007,NE
Nebraska,Blaine,31009,NE
Nebraska,Boone,31011,NE
Nebraska,Box Butte,31013,NE
Nebraska,Boyd,31015,NE
Nebraska,Brown,31017,NE
Nebraska,Buffalo,31019,NE
Nebraska,Burt,31021,NE
Nebraska,Butler,31023,NE
Nebraska,Cass,31025,NE
Nebraska,Cedar,31027,NE
Nebraska,Chase,31029,NE
Nebraska,Cherry,31031,NE
Nebraska,Cheyenne,31033,NE
Nebraska,Clay,31035,NE
Nebraska,Colfax,31037,NE
Nebraska,Cuming,31039,NE
Nebraska,Custer,31041,NE
Nebraska,Dakota,31043,NE
Nebraska,Dawes,31045,NE
Nebraska,Dawson,31047,NE
Nebraska,Deuel,31049,NE
Nebraska,Dixon,31051,NE
Nebraska,Dodge,31053,NE
Nebraska,Douglas,31055,NE
Nebraska,Dundy,31057,NE
Nebraska,Fillmore,31059,NE
Nebraska,Franklin,31061,NE
Nebraska,Frontier,31063,NE
Nebraska,Furnas,31065,NE
Nebraska,Gage,31067,NE
Nebraska,Garden,31069,NE
Nebraska,Garfield,31071,NE
Nebraska,Gosper,31073,NE
Nebraska,Grant,31075,NE
Nebraska,Greeley,31077,NE
Nebraska,Hall,31079,NE
Nebraska,Hamilton,31081,NE
Nebraska,Harlan,31083,NE
Nebraska,Hayes,31085,NE
Nebraska,Hitchcock,31087,NE
Nebraska,Holt,31089,NE
Nebraska,Hooker,31091,NE
Nebraska,Howard,31093,NE
Nebraska,Jefferson,31095,NE
Nebraska,Johnson,31097,NE
Nebraska,Kearney,31099,NE
Nebraska,Keith,31101,NE
Nebraska,Keya Paha,31103,NE
Nebraska,Kimball,31105,NE
Nebraska,Knox,31107,NE
Nebraska,Lancaster,31109,NE
Nebraska,Lincoln,31111,NE
Nebraska,Logan,31113,NE
Nebraska,Loup,31115,NE
Nebraska,Madison,31119,NE
Nebraska,McPherson,31117,NE
Nebraska,Merrick,31121,NE
Nebraska,Morrill,31123,NE
Nebraska,Nance,31125,NE
Nebraska,Nemaha,31127,NE
Nebraska,Nuckolls,31129,NE
Nebraska,Otoe,31131,NE
Nebraska,Pawnee,31133,NE
Nebraska,Perkins,31135,NE
Nebraska,Phelps,31137,NE
Nebraska,Pierce,31139,NE
Nebraska,Platte,31141,NE
Nebraska,Polk,31143,NE
Nebraska,Red Willow,31145,NE
Nebraska,Richardson,31147,NE
Nebraska,Rock,31149,NE
Nebraska,Saline,31151,NE
Nebraska,Sarpy,31153,NE
Nebraska,Saunders,31155,NE
Nebraska,Scotts Bluff,31157,NE
Nebraska,Seward,31159,NE
Nebraska,Sheridan,31161,NE
Nebraska,Sherman,31163,NE
Nebraska,Sioux,31165,NE
Nebraska,Stanton,31167,NE
Nebraska,Thayer,31169,NE
Nebraska,Thomas,31171,NE
Nebraska,Thurston,31173,NE
Nebraska,Unknown,NA,NE
Nebraska,Valley,31175,NE
Nebraska,Washington,31177,NE
Nebraska,Wayne,31179,NE
Nebraska,Webster,31181,NE
Nebraska,Wheeler,31183,NE
Nebraska,York,31185,NE
Nevada,Carson City,32510,NV
Nevada,Churchill,32001,NV
Nevada,Clark,32003,NV
Nevada,Douglas,32005,NV
Nevada,Elko,32007,NV
Nevada,Eureka,32011,NV
Nevada,Humboldt,32013,NV
Nevada,Lander,32015,NV
Nevada,Lincoln,32017,NV
Nevada,Lyon,32019,NV
Nevada,Mineral,32021,NV
Nevada,Nye,32023,NV
Nevada,Pershing,32027,NV
Nevada,Storey,32029,NV
Nevada,Unknown,NA,NV
Nevada,Washoe,32031,NV
Nevada,White Pine,32033,NV
New Hampshire,Belknap,33001,NH
New Hampshire,Carroll,33003,NH
New Hampshire,Cheshire,33005,NH
New Hampshire,Coos,33007,NH
New Hampshire,Grafton,33009,NH
New Hampshire,Hillsborough,33011,NH
New Hampshire,Merrimack,33013,NH
New Hampshire,Rockingham,33015,NH
New Hampshire,Strafford,33017,NH
New Hampshire,Sullivan,33019,NH
New Hampshire,Unknown,NA,NH
New Jersey,Atlantic,34001,NJ
New Jersey,Bergen,34003,NJ
New Jersey,Burlington,34005,NJ
New Jersey,Camden,34007,NJ
New Jersey,Cape May,34009,NJ
New Jersey,Cumberland,34011,NJ
New Jersey,Essex,34013,NJ
New Jersey,Gloucester,34015,NJ
New Jersey,Hudson,34017,NJ
New Jersey,Hunterdon,34019,NJ
New Jersey,Mercer,34021,NJ
New Jersey,Middlesex,34023,NJ
New Jersey,Monmouth,34025,NJ
New Jersey,Morris,34027,NJ
New Jersey,Ocean,34029,NJ
New Jersey,Passaic,34031,NJ
New Jersey,Salem,34033,NJ
New Jersey,Somerset,34035,NJ
New Jersey,Sussex,34037,NJ
New Jersey,Union,34039,NJ
New Jersey,Unknown,NA,NJ
New Jersey,Warren,34041,NJ
New Mexico,Bernalillo,35001,NM
New Mexico,Catron,35003,NM
New Mexico,Chaves,35005,NM
New Mexico,Cibola,35006,NM
New Mexico,Colfax,35007,NM
New Mexico,Curry,35009,NM
New Mexico,De Baca,35011,NM
New Mexico,Doña Ana,35013,NM
New Mexico,Eddy,35015,NM
New Mexico,Grant,35017,NM
New Mexico,Guadalupe,35019,NM
New Mexico,Harding,35021,NM
New Mexico,Hidalgo,35023,NM
New Mexico,Lea,35025,NM
New Mexico,Lincoln,35027,NM
New Mexico,Los Alamos,35028,NM
New Mexico,Luna,35029,NM
New Mexico,McKinley,35031,NM
New Mexico,Mora,35033,NM
New Mexico,Otero,35035,NM
New Mexico,Quay,35037,NM
New Mexico,Rio Arriba,35039,NM
New Mexico,Roosevelt,35041,NM
New Mexico,San Juan,35045,NM
New Mexico,San Miguel,35047,NM
New Mexico,Sandoval,35043,NM
New Mexico,Santa Fe,35049,NM
New Mexico,Sierra,35051,NM
New Mexico,Socorro,35053,NM
New Mexico,Taos,35055,NM
New Mexico,Torrance,35057,NM
New Mexico,Union,35059,NM
New Mexico,Unknown,NA,NM
New Mexico,Valencia,35061,NM
New York,Albany,36001,NY
New York,Allegany,36003,NY
New York,Broome,36007,NY
New York,Cattaraugus,36009,NY
New York,Cayuga,36011,NY
New York,Chautauqua,36013,NY
New York,Chemung,36015,NY
New York,Chenango,36017,NY
New York,Clinton,36019,NY
New York,Columbia,36021,NY
New York,Cortland,36023,NY
New York,Delaware,36025,NY
New York,Dutchess,36027,NY
New York,Erie,36029,NY
New York,Essex,36031,NY
New York,Franklin,36033,NY
New York,Fulton,36035,NY
New York,Genesee,36037,NY
New York,Greene,36039,NY
New York,Hamilton,36041,NY
New York,Herkimer,36043,NY
New York,Jefferson,36045,NY
New York,Lewis,36049,NY
New York,Livingston,36051,NY
New York,Madison,36053,NY
New York,Monroe,36055,NY
New York,Montgomery,36057,NY
New York,Nassau,36059,NY
New York,New York City,NA,NY
New York,Niagara,36063,NY
New York,Oneida,36065,NY
New York,Onondaga,36067,NY
New York,Ontario,36069,NY
New York,Orange,36071,NY
New York,Orleans,36073,NY
New York,Oswego,36075,NY
New York,Otsego,36077,NY
New York,Putnam,36079,NY
New York,Rensselaer,36083,NY
New York,Rockland,36087,NY
New York,Saratoga,36091,NY
New York,Schenectady,36093,NY
New York,Schoharie,36095,NY
New York,Schuyler,36097,NY
New York,Seneca,36099,NY
New York,St. Lawrence,36089,NY
New York,Steuben,36101,NY
New York,Suffolk,36103,NY
New York,Sullivan,36105,NY
New York,Tioga,36107,NY
New York,Tompkins,36109,NY
New York,Ulster,36111,NY
New York,Unknown,NA,NY
New York,Warren,36113,NY
New York,Washington,36115,NY
New York,Wayne,36117,NY
New York,Westchester,36119,NY
New York,Wyoming,36121,NY
New York,Yates,36123,NY
North Carolina,Alamance,37001,NC
North Carolina,Alexander,37003,NC
North Carolina,Alleghany,37005,NC
North Carolina,Anson,37007,NC
North Carolina,Ashe,37009,NC
North Carolina,Avery,37011,NC
North Carolina,Beaufort,37013,NC
North Carolina,Bertie,37015,NC
North Carolina,Bladen,37017,NC
North Carolina,Brunswick,37019,NC
North Carolina,Buncombe,37021,NC
North Carolina,Burke,37023,NC
North Carolina,Cabarrus,37025,NC
North Carolina,Caldwell,37027,NC
North Carolina,Camden,37029,NC
North Carolina,Carteret,37031,NC
North Carolina,Caswell,37033,NC
North Carolina,Catawba,37035,NC
North Carolina,Chatham,37037,NC
North Carolina,Cherokee,37039,NC
North Carolina,Chowan,37041,NC
North Carolina,Clay,37043,NC
North Carolina,Cleveland,37045,NC
North Carolina,Columbus,37047,NC
North Carolina,Craven,37049,NC
North Carolina,Cumberland,37051,NC
North Carolina,Currituck,37053,NC
North Carolina,Dare,37055,NC
North Carolina,Davidson,37057,NC
North Carolina,Davie,37059,NC
North Carolina,Duplin,37061,NC
North Carolina,Durham,37063,NC
North Carolina,Edgecombe,37065,NC
North Carolina,Forsyth,37067,NC
North Carolina,Franklin,37069,NC
North Carolina,Gaston,37071,NC
North Carolina,Gates,37073,NC
North Carolina,Graham,37075,NC
North Carolina,Granville,37077,NC
North Carolina,Greene,37079,NC
North Carolina,Guilford,37081,NC
North Carolina,Halifax,37083,NC
North Carolina,Harnett,37085,NC
North Carolina,Haywood,37087,NC
North Carolina,Henderson,37089,NC
North Carolina,Hertford,37091,NC
North Carolina,Hoke,37093,NC
North Carolina,Hyde,37095,NC
North Carolina,Iredell,37097,NC
North Carolina,Jackson,37099,NC
North Carolina,Johnston,37101,NC
North Carolina,Jones,37103,NC
North Carolina,Lee,37105,NC
North Carolina,Lenoir,37107,NC
North Carolina,Lincoln,37109,NC
North Carolina,Macon,37113,NC
North Carolina,Madison,37115,NC
North Carolina,Martin,37117,NC
North Carolina,McDowell,37111,NC
North Carolina,Mecklenburg,37119,NC
North Carolina,Mitchell,37121,NC
North Carolina,Montgomery,37123,NC
North Carolina,Moore,37125,NC
North Carolina,Nash,37127,NC
North Carolina,New Hanover,37129,NC
North Carolina,Northampton,37131,NC
North Carolina,Onslow,37133,NC
North Carolina,Orange,37135,NC
North Carolina,Pamlico,37137,NC
North Carolina,Pasquotank,37139,NC
North Carolina,Pender,37141,NC
North Carolina,Perquimans,37143,NC
North Carolina,Person,37145,NC
North Carolina,Pitt,37147,NC
North Carolina,Polk,37149,NC
North Carolina,Randolph,37151,NC
North Carolina,Richmond,37153,NC
North Carolina,Robeson,37155,NC
North Carolina,Rockingham,37157,NC
North Carolina,Rowan,37159,NC
North Carolina,Rutherford,37161,NC
North Carolina,Sampson,37163,NC
North Carolina,Scotland,37165,NC
North Carolina,Stanly,37167,NC
North Carolina,Stokes,37169,NC
North Carolina,Surry,37171,NC
North Carolina,Swain,37173,NC
North Carolina,Transylvania,37175,NC
North Carolina,Tyrrell,37177,NC
North Carolina,Union,37179,NC
North Carolina,Vance,37181,NC
North Carolina,Wake,37183,NC
North Carolina,Warren,37185,NC
North Carolina,Washington,37187,NC
North Carolina,Watauga,37189,NC
North Carolina,Wayne,37191,NC
North Carolina,Wilkes,37193,NC
North Carolina,Wilson,37195,NC
North Carolina,Yadkin,37197,NC
North Carolina,Yancey,37199,NC
North Dakota,Adams,38001,ND
North Dakota,Barnes,38003,ND
North Dakota,Benson,38005,ND
North Dakota,Billings,38007,ND
North Dakota,Bottineau,38009,ND
North Dakota,Bowman,38011,ND
North Dakota,Burke,38013,ND
North Dakota,Burleigh,38015,ND
North Dakota,Cass,38017,ND
North Dakota,Cavalier,38019,ND
North Dakota,Dickey,38021,ND
North Dakota,Divide,38023,ND
North Dakota,Dunn,38025,ND
North Dakota,Eddy,38027,ND
North Dakota,Emmons,38029,ND
North Dakota,Foster,38031,ND
North Dakota,Golden Valley,38033,ND
North Dakota,Grand Forks,38035,ND
North Dakota,Grant,38037,ND
North Dakota,Griggs,38039,ND
North Dakota,Hettinger,38041,ND
North Dakota,Kidder,38043,ND
North Dakota,LaMoure,38045,ND
North Dakota,Logan,38047,ND
North Dakota,McHenry,38049,ND
North Dakota,McIntosh,38051,ND
North Dakota,McKenzie,38053,ND
North Dakota,McLean,38055,ND
North Dakota,Mercer,38057,ND
North Dakota,Morton,38059,ND
North Dakota,Mountrail,38061,ND
North Dakota,Nelson,38063,ND
North Dakota,Oliver,38065,ND
North Dakota,Pembina,38067,ND
North Dakota,Pierce,38069,ND
North Dakota,Ramsey,38071,ND
North Dakota,Ransom,38073,ND
North Dakota,Renville,38075,ND
North Dakota,Richland,38077,ND
North Dakota,Rolette,38079,ND
North Dakota,Sargent,38081,ND
North Dakota,Sheridan,38083,ND
North Dakota,Sioux,38085,ND
North Dakota,Slope,38087,ND
North Dakota,Stark,38089,ND
North Dakota,Steele,38091,ND
North Dakota,Stutsman,38093,ND
North Dakota,Towner,38095,ND
North Dakota,Traill,38097,ND
North Dakota,Unknown,NA,ND
North Dakota,Walsh,38099,ND
North Dakota,Ward,38101,ND
North Dakota,Wells,38103,ND
North Dakota,Williams,38105,ND
Northern Mariana Islands,Saipan,69110,NA
Northern Mariana Islands,Tinian,69120,NA
Northern Mariana Islands,Unknown,NA,NA
Ohio,Adams,39001,OH
Ohio,Allen,39003,OH
Ohio,Ashland,39005,OH
Ohio,Ashtabula,39007,OH
Ohio,Athens,39009,OH
Ohio,Auglaize,39011,OH
Ohio,Belmont,39013,OH
Ohio,Brown,39015,OH
Ohio,Butler,39017,OH
Ohio,Carroll,39019,OH
Ohio,Champaign,39021,OH
Ohio,Clark,39023,OH
Ohio,Clermont,39025,OH
Ohio,Clinton,39027,OH
Ohio,Columbiana,39029,OH
Ohio,Coshocton,39031,OH
Ohio,Crawford,39033,OH
Ohio,Cuyahoga,39035,OH
Ohio,Darke,39037,OH
Ohio,Defiance,39039,OH
Ohio,Delaware,39041,OH
Ohio,Erie,39043,OH
Ohio,Fairfield,39045,OH
Ohio,Fayette,39047,OH
Ohio,Franklin,39049,OH
Ohio,Fulton,39051,OH
Ohio,Gallia,39053,OH
Ohio,Geauga,39055,OH
Ohio,Greene,39057,OH
Ohio,Guernsey,39059,OH
Ohio,Hamilton,39061,OH
Ohio,Hancock,39063,OH
Ohio,Hardin,39065,OH
Ohio,Harrison,39067,OH
Ohio,Henry,39069,OH
Ohio,Highland,39071,OH
Ohio,Hocking,39073,OH
Ohio,Holmes,39075,OH
Ohio,Huron,39077,OH
Ohio,Jackson,39079,OH
Ohio,Jefferson,39081,OH
Ohio,Knox,39083,OH
Ohio,Lake,39085,OH
Ohio,Lawrence,39087,OH
Ohio,Licking,39089,OH
Ohio,Logan,39091,OH
Ohio,Lorain,39093,OH
Ohio,Lucas,39095,OH
Ohio,Madison,39097,OH
Ohio,Mahoning,39099,OH
Ohio,Marion,39101,OH
Ohio,Medina,39103,OH
Ohio,Meigs,39105,OH
Ohio,Mercer,39107,OH
Ohio,Miami,39109,OH
Ohio,Monroe,39111,OH
Ohio,Montgomery,39113,OH
Ohio,Morgan,39115,OH
Ohio,Morrow,39117,OH
Ohio,Muskingum,39119,OH
Ohio,Noble,39121,OH
Ohio,Ottawa,39123,OH
Ohio,Paulding,39125,OH
Ohio,Perry,39127,OH
Ohio,Pickaway,39129,OH
Ohio,Pike,39131,OH
Ohio,Portage,39133,OH
Ohio,Preble,39135,OH
Ohio,Putnam,39137,OH
Ohio,Richland,39139,OH
Ohio,Ross,39141,OH
Ohio,Sandusky,39143,OH
Ohio,Scioto,39145,OH
Ohio,Seneca,39147,OH
Ohio,Shelby,39149,OH
Ohio,Stark,39151,OH
Ohio,Summit,39153,OH
Ohio,Trumbull,39155,OH
Ohio,Tuscarawas,39157,OH
Ohio,Union,39159,OH
Ohio,Unknown,NA,OH
Ohio,Van Wert,39161,OH
Ohio,Vinton,39163,OH
Ohio,Warren,39165,OH
Ohio,Washington,39167,OH
Ohio,Wayne,39169,OH
Ohio,Williams,39171,OH
Ohio,Wood,39173,OH
Ohio,Wyandot,39175,OH
Oklahoma,Adair,40001,OK
Oklahoma,Alfalfa,40003,OK
Oklahoma,Atoka,40005,OK
Oklahoma,Beaver,40007,OK
Oklahoma,Beckham,40009,OK
Oklahoma,Blaine,40011,OK
Oklahoma,Bryan,40013,OK
Oklahoma,Caddo,40015,OK
Oklahoma,Canadian,40017,OK
Oklahoma,Carter,40019,OK
Oklahoma,Cherokee,40021,OK
Oklahoma,Choctaw,40023,OK
Oklahoma,Cimarron,40025,OK
Oklahoma,Cleveland,40027,OK
Oklahoma,Coal,40029,OK
Oklahoma,Comanche,40031,OK
Oklahoma,Cotton,40033,OK
Oklahoma,Craig,40035,OK
Oklahoma,Creek,40037,OK
Oklahoma,Custer,40039,OK
Oklahoma,Delaware,40041,OK
Oklahoma,Dewey,40043,OK
Oklahoma,Ellis,40045,OK
Oklahoma,Garfield,40047,OK
Oklahoma,Garvin,40049,OK
Oklahoma,Grady,40051,OK
Oklahoma,Grant,40053,OK
Oklahoma,Greer,40055,OK
Oklahoma,Harmon,40057,OK
Oklahoma,Harper,40059,OK
Oklahoma,Haskell,40061,OK
Oklahoma,Hughes,40063,OK
Oklahoma,Jackson,40065,OK
Oklahoma,Jefferson,40067,OK
Oklahoma,Johnston,40069,OK
Oklahoma,Kay,40071,OK
Oklahoma,Kingfisher,40073,OK
Oklahoma,Kiowa,40075,OK
Oklahoma,Latimer,40077,OK
Oklahoma,Le Flore,40079,OK
Oklahoma,Lincoln,40081,OK
Oklahoma,Logan,40083,OK
Oklahoma,Love,40085,OK
Oklahoma,Major,40093,OK
Oklahoma,Marshall,40095,OK
Oklahoma,Mayes,40097,OK
Oklahoma,McClain,40087,OK
Oklahoma,McCurtain,40089,OK
Oklahoma,McIntosh,40091,OK
Oklahoma,Murray,40099,OK
Oklahoma,Muskogee,40101,OK
Oklahoma,Noble,40103,OK
Oklahoma,Nowata,40105,OK
Oklahoma,Okfuskee,40107,OK
Oklahoma,Oklahoma,40109,OK
Oklahoma,Okmulgee,40111,OK
Oklahoma,Osage,40113,OK
Oklahoma,Ottawa,40115,OK
Oklahoma,Pawnee,40117,OK
Oklahoma,Payne,40119,OK
Oklahoma,Pittsburg,40121,OK
Oklahoma,Pontotoc,40123,OK
Oklahoma,Pottawatomie,40125,OK
Oklahoma,Pushmataha,40127,OK
Oklahoma,Roger Mills,40129,OK
Oklahoma,Rogers,40131,OK
Oklahoma,Seminole,40133,OK
Oklahoma,Sequoyah,40135,OK
Oklahoma,Stephens,40137,OK
Oklahoma,Texas,40139,OK
Oklahoma,Tillman,40141,OK
Oklahoma,Tulsa,40143,OK
Oklahoma,Unknown,NA,OK
Oklahoma,Wagoner,40145,OK
Oklahoma,Washington,40147,OK
Oklahoma,Washita,40149,OK
Oklahoma,Woods,40151,OK
Oklahoma,Woodward,40153,OK
Oregon,Baker,41001,OR
Oregon,Benton,41003,OR
Oregon,Clackamas,41005,OR
Oregon,Clatsop,41007,OR
Oregon,Columbia,41009,OR
Oregon,Coos,41011,OR
Oregon,Crook,41013,OR
Oregon,Curry,41015,OR
Oregon,Deschutes,41017,OR
Oregon,Douglas,41019,OR
Oregon,Gilliam,41021,OR
Oregon,Grant,41023,OR
Oregon,Harney,41025,OR
Oregon,Hood River,41027,OR
Oregon,Jackson,41029,OR
Oregon,Jefferson,41031,OR
Oregon,Josephine,41033,OR
Oregon,Klamath,41035,OR
Oregon,Lake,41037,OR
Oregon,Lane,41039,OR
Oregon,Lincoln,41041,OR
Oregon,Linn,41043,OR
Oregon,Malheur,41045,OR
Oregon,Marion,41047,OR
Oregon,Morrow,41049,OR
Oregon,Multnomah,41051,OR
Oregon,Polk,41053,OR
Oregon,Sherman,41055,OR
Oregon,Tillamook,41057,OR
Oregon,Umatilla,41059,OR
Oregon,Union,41061,OR
Oregon,Wallowa,41063,OR
Oregon,Wasco,41065,OR
Oregon,Washington,41067,OR
Oregon,Yamhill,41071,OR
Pennsylvania,Adams,42001,PA
Pennsylvania,Allegheny,42003,PA
Pennsylvania,Armstrong,42005,PA
Pennsylvania,Beaver,42007,PA
Pennsylvania,Bedford,42009,PA
Pennsylvania,Berks,42011,PA
Pennsylvania,Blair,42013,PA
Pennsylvania,Bradford,42015,PA
Pennsylvania,Bucks,42017,PA
Pennsylvania,Butler,42019,PA
Pennsylvania,Cambria,42021,PA
Pennsylvania,Cameron,42023,PA
Pennsylvania,Carbon,42025,PA
Pennsylvania,Centre,42027,PA
Pennsylvania,Chester,42029,PA
Pennsylvania,Clarion,42031,PA
Pennsylvania,Clearfield,42033,PA
Pennsylvania,Clinton,42035,PA
Pennsylvania,Columbia,42037,PA
Pennsylvania,Crawford,42039,PA
Pennsylvania,Cumberland,42041,PA
Pennsylvania,Dauphin,42043,PA
Pennsylvania,Delaware,42045,PA
Pennsylvania,Elk,42047,PA
Pennsylvania,Erie,42049,PA
Pennsylvania,Fayette,42051,PA
Pennsylvania,Forest,42053,PA
Pennsylvania,Franklin,42055,PA
Pennsylvania,Fulton,42057,PA
Pennsylvania,Greene,42059,PA
Pennsylvania,Huntingdon,42061,PA
Pennsylvania,Indiana,42063,PA
Pennsylvania,Jefferson,42065,PA
Pennsylvania,Juniata,42067,PA
Pennsylvania,Lackawanna,42069,PA
Pennsylvania,Lancaster,42071,PA
Pennsylvania,Lawrence,42073,PA
Pennsylvania,Lebanon,42075,PA
Pennsylvania,Lehigh,42077,PA
Pennsylvania,Luzerne,42079,PA
Pennsylvania,Lycoming,42081,PA
Pennsylvania,McKean,42083,PA
Pennsylvania,Mercer,42085,PA
Pennsylvania,Mifflin,42087,PA
Pennsylvania,Monroe,42089,PA
Pennsylvania,Montgomery,42091,PA
Pennsylvania,Montour,42093,PA
Pennsylvania,Northampton,42095,PA
Pennsylvania,Northumberland,42097,PA
Pennsylvania,Perry,42099,PA
Pennsylvania,Philadelphia,42101,PA
Pennsylvania,Pike,42103,PA
Pennsylvania,Potter,42105,PA
Pennsylvania,Schuylkill,42107,PA
Pennsylvania,Snyder,42109,PA
Pennsylvania,Somerset,42111,PA
Pennsylvania,Sullivan,42113,PA
Pennsylvania,Susquehanna,42115,PA
Pennsylvania,Tioga,42117,PA
Pennsylvania,Union,42119,PA
Pennsylvania,Unknown,NA,PA
Pennsylvania,Venango,42121,PA
Pennsylvania,Warren,42123,PA
Pennsylvania,Washington,42125,PA
Pennsylvania,Wayne,42127,PA
Pennsylvania,Westmoreland,42129,PA
Pennsylvania,Wyoming,42131,PA
Pennsylvania,York,42133,PA
Puerto Rico,Adjuntas,72001,NA
Puerto Rico,Aguada,72003,NA
Puerto Rico,Aguadilla,72005,NA
Puerto Rico,Aguas Buenas,72007,NA
Puerto Rico,Aibonito,72009,NA
Puerto Rico,Anasco,72011,NA
Puerto Rico,Arecibo,72013,NA
Puerto Rico,Arroyo,72015,NA
Puerto Rico,Barceloneta,72017,NA
Puerto Rico,Barranquitas,72019,NA
Puerto Rico,Bayamon,72021,NA
Puerto Rico,Cabo Rojo,72023,NA
Puerto Rico,Caguas,72025,NA
Puerto Rico,Camuy,72027,NA
Puerto Rico,Canovanas,72029,NA
Puerto Rico,Carolina,72031,NA
Puerto Rico,Catano,72033,NA
Puerto Rico,Cayey,72035,NA
Puerto Rico,Ceiba,72037,NA
Puerto Rico,Ciales,72039,NA
Puerto Rico,Cidra,72041,NA
Puerto Rico,Coamo,72043,NA
Puerto Rico,Comerio,72045,NA
Puerto Rico,Corozal,72047,NA
Puerto Rico,Culebra,72049,NA
Puerto Rico,Dorado,72051,NA
Puerto Rico,Fajardo,72053,NA
Puerto Rico,Florida,72054,NA
Puerto Rico,Guanica,72055,NA
Puerto Rico,Guayama,72057,NA
Puerto Rico,Guayanilla,72059,NA
Puerto Rico,Guaynabo,72061,NA
Puerto Rico,Gurabo,72063,NA
Puerto Rico,Hatillo,72065,NA
Puerto Rico,Hormigueros,72067,NA
Puerto Rico,Humacao,72069,NA
Puerto Rico,Isabela,72071,NA
Puerto Rico,Jayuya,72073,NA
Puerto Rico,Juana Diaz,72075,NA
Puerto Rico,Juncos,72077,NA
Puerto Rico,Lajas,72079,NA
Puerto Rico,Lares,72081,NA
Puerto Rico,Las Marias,72083,NA
Puerto Rico,Las Piedras,72085,NA
Puerto Rico,Loiza,72087,NA
Puerto Rico,Luquillo,72089,NA
Puerto Rico,Manati,72091,NA
Puerto Rico,Maricao,72093,NA
Puerto Rico,Maunabo,72095,NA
Puerto Rico,Mayaguez,72097,NA
Puerto Rico,Moca,72099,NA
Puerto Rico,Morovis,72101,NA
Puerto Rico,Naguabo,72103,NA
Puerto Rico,Naranjito,72105,NA
Puerto Rico,Orocovis,72107,NA
Puerto Rico,Patillas,72109,NA
Puerto Rico,Penuelas,72111,NA
Puerto Rico,Ponce,72113,NA
Puerto Rico,Quebradillas,72115,NA
Puerto Rico,Rincon,72117,NA
Puerto Rico,Rio Grande,72119,NA
Puerto Rico,Sabana Grande,72121,NA
Puerto Rico,Salinas,72123,NA
Puerto Rico,San German,72125,NA
Puerto Rico,San Juan,72127,NA
Puerto Rico,San Lorenzo,72129,NA
Puerto Rico,San Sebastian,72131,NA
Puerto Rico,Santa Isabel,72133,NA
Puerto Rico,Toa Alta,72135,NA
Puerto Rico,Toa Baja,72137,NA
Puerto Rico,Trujillo Alto,72139,NA
Puerto Rico,Unknown,NA,NA
Puerto Rico,Utuado,72141,NA
Puerto Rico,Vega Alta,72143,NA
Puerto Rico,Vega Baja,72145,NA
Puerto Rico,Vieques,72147,NA
Puerto Rico,Villalba,72149,NA
Puerto Rico,Yabucoa,72151,NA
Puerto Rico,Yauco,72153,NA
Rhode Island,Bristol,44001,RI
Rhode Island,Kent,44003,RI
Rhode Island,Newport,44005,RI
Rhode Island,Providence,44007,RI
Rhode Island,Unknown,NA,RI
Rhode Island,Washington,44009,RI
South Carolina,Abbeville,45001,SC
South Carolina,Aiken,45003,SC
South Carolina,Allendale,45005,SC
South Carolina,Anderson,45007,SC
South Carolina,Bamberg,45009,SC
South Carolina,Barnwell,45011,SC
South Carolina,Beaufort,45013,SC
South Carolina,Berkeley,45015,SC
South Carolina,Calhoun,45017,SC
South Carolina,Charleston,45019,SC
South Carolina,Cherokee,45021,SC
South Carolina,Chester,45023,SC
South Carolina,Chesterfield,45025,SC
South Carolina,Clarendon,45027,SC
South Carolina,Colleton,45029,SC
South Carolina,Darlington,45031,SC
South Carolina,Dillon,45033,SC
South Carolina,Dorchester,45035,SC
South Carolina,Edgefield,45037,SC
South Carolina,Fairfield,45039,SC
South Carolina,Florence,45041,SC
South Carolina,Georgetown,45043,SC
South Carolina,Greenville,45045,SC
South Carolina,Greenwood,45047,SC
South Carolina,Hampton,45049,SC
South Carolina,Horry,45051,SC
South Carolina,Jasper,45053,SC
South Carolina,Kershaw,45055,SC
South Carolina,Lancaster,45057,SC
South Carolina,Laurens,45059,SC
South Carolina,Lee,45061,SC
South Carolina,Lexington,45063,SC
South Carolina,Marion,45067,SC
South Carolina,Marlboro,45069,SC
South Carolina,McCormick,45065,SC
South Carolina,Newberry,45071,SC
South Carolina,Oconee,45073,SC
South Carolina,Orangeburg,45075,SC
South Carolina,Pickens,45077,SC
South Carolina,Richland,45079,SC
South Carolina,Saluda,45081,SC
South Carolina,Spartanburg,45083,SC
South Carolina,Sumter,45085,SC
South Carolina,Union,45087,SC
South Carolina,Unknown,NA,SC
South Carolina,Williamsburg,45089,SC
South Carolina,York,45091,SC
South Dakota,Aurora,46003,SD
South Dakota,Beadle,46005,SD
South Dakota,Bennett,46007,SD
South Dakota,Bon Homme,46009,SD
South Dakota,Brookings,46011,SD
South Dakota,Brown,46013,SD
South Dakota,Brule,46015,SD
South Dakota,Buffalo,46017,SD
South Dakota,Butte,46019,SD
South Dakota,Campbell,46021,SD
South Dakota,Charles Mix,46023,SD
South Dakota,Clark,46025,SD
South Dakota,Clay,46027,SD
South Dakota,Codington,46029,SD
South Dakota,Corson,46031,SD
South Dakota,Custer,46033,SD
South Dakota,Davison,46035,SD
South Dakota,Day,46037,SD
South Dakota,Deuel,46039,SD
South Dakota,Dewey,46041,SD
South Dakota,Douglas,46043,SD
South Dakota,Edmunds,46045,SD
South Dakota,Fall River,46047,SD
South Dakota,Faulk,46049,SD
South Dakota,Grant,46051,SD
South Dakota,Gregory,46053,SD
South Dakota,Haakon,46055,SD
South Dakota,Hamlin,46057,SD
South Dakota,Hand,46059,SD
South Dakota,Hanson,46061,SD
South Dakota,Harding,46063,SD
South Dakota,Hughes,46065,SD
South Dakota,Hutchinson,46067,SD
South Dakota,Hyde,46069,SD
South Dakota,Jackson,46071,SD
South Dakota,Jerauld,46073,SD
South Dakota,Jones,46075,SD
South Dakota,Kingsbury,46077,SD
South Dakota,Lake,46079,SD
South Dakota,Lawrence,46081,SD
South Dakota,Lincoln,46083,SD
South Dakota,Lyman,46085,SD
South Dakota,Marshall,46091,SD
South Dakota,McCook,46087,SD
South Dakota,McPherson,46089,SD
South Dakota,Meade,46093,SD
South Dakota,Mellette,46095,SD
South Dakota,Miner,46097,SD
South Dakota,Minnehaha,46099,SD
South Dakota,Moody,46101,SD
South Dakota,Oglala Lakota,46102,SD
South Dakota,Pennington,46103,SD
South Dakota,Perkins,46105,SD
South Dakota,Potter,46107,SD
South Dakota,Roberts,46109,SD
South Dakota,Sanborn,46111,SD
South Dakota,Spink,46115,SD
South Dakota,Stanley,46117,SD
South Dakota,Sully,46119,SD
South Dakota,Todd,46121,SD
South Dakota,Tripp,46123,SD
South Dakota,Turner,46125,SD
South Dakota,Union,46127,SD
South Dakota,Unknown,NA,SD
South Dakota,Walworth,46129,SD
South Dakota,Yankton,46135,SD
South Dakota,Ziebach,46137,SD
Tennessee,Anderson,47001,TN
Tennessee,Bedford,47003,TN
Tennessee,Benton,47005,TN
Tennessee,Bledsoe,47007,TN
Tennessee,Blount,47009,TN
Tennessee,Bradley,47011,TN
Tennessee,Campbell,47013,TN
Tennessee,Cannon,47015,TN
Tennessee,Carroll,47017,TN
Tennessee,Carter,47019,TN
Tennessee,Cheatham,47021,TN
Tennessee,Chester,47023,TN
Tennessee,Claiborne,47025,TN
Tennessee,Clay,47027,TN
Tennessee,Cocke,47029,TN
Tennessee,Coffee,47031,TN
Tennessee,Crockett,47033,TN
Tennessee,Cumberland,47035,TN
Tennessee,Davidson,47037,TN
Tennessee,Decatur,47039,TN
Tennessee,DeKalb,47041,TN
Tennessee,Dickson,47043,TN
Tennessee,Dyer,47045,TN
Tennessee,Fayette,47047,TN
Tennessee,Fentress,47049,TN
Tennessee,Franklin,47051,TN
Tennessee,Gibson,47053,TN
Tennessee,Giles,47055,TN
Tennessee,Grainger,47057,TN
Tennessee,Greene,47059,TN
Tennessee,Grundy,47061,TN
Tennessee,Hamblen,47063,TN
Tennessee,Hamilton,47065,TN
Tennessee,Hancock,47067,TN
Tennessee,Hardeman,47069,TN
Tennessee,Hardin,47071,TN
Tennessee,Hawkins,47073,TN
Tennessee,Haywood,47075,TN
Tennessee,Henderson,47077,TN
Tennessee,Henry,47079,TN
Tennessee,Hickman,47081,TN
Tennessee,Houston,47083,TN
Tennessee,Humphreys,47085,TN
Tennessee,Jackson,47087,TN
Tennessee,Jefferson,47089,TN
Tennessee,Johnson,47091,TN
Tennessee,Knox,47093,TN
Tennessee,Lake,47095,TN
Tennessee,Lauderdale,47097,TN
Tennessee,Lawrence,47099,TN
Tennessee,Lewis,47101,TN
Tennessee,Lincoln,47103,TN
Tennessee,Loudon,47105,TN
Tennessee,Macon,47111,TN
Tennessee,Madison,47113,TN
Tennessee,Marion,47115,TN
Tennessee,Marshall,47117,TN
Tennessee,Maury,47119,TN
Tennessee,McMinn,47107,TN
Tennessee,McNairy,47109,TN
Tennessee,Meigs,47121,TN
Tennessee,Monroe,47123,TN
Tennessee,Montgomery,47125,TN
Tennessee,Moore,47127,TN
Tennessee,Morgan,47129,TN
Tennessee,Obion,47131,TN
Tennessee,Overton,47133,TN
Tennessee,Perry,47135,TN
Tennessee,Pickett,47137,TN
Tennessee,Polk,47139,TN
Tennessee,Putnam,47141,TN
Tennessee,Rhea,47143,TN
Tennessee,Roane,47145,TN
Tennessee,Robertson,47147,TN
Tennessee,Rutherford,47149,TN
Tennessee,Scott,47151,TN
Tennessee,Sequatchie,47153,TN
Tennessee,Sevier,47155,TN
Tennessee,Shelby,47157,TN
Tennessee,Smith,47159,TN
Tennessee,Stewart,47161,TN
Tennessee,Sullivan,47163,TN
Tennessee,Sumner,47165,TN
Tennessee,Tipton,47167,TN
Tennessee,Trousdale,47169,TN
Tennessee,Unicoi,47171,TN
Tennessee,Union,47173,TN
Tennessee,Unknown,NA,TN
Tennessee,Van Buren,47175,TN
Tennessee,Warren,47177,TN
Tennessee,Washington,47179,TN
Tennessee,Wayne,47181,TN
Tennessee,Weakley,47183,TN
Tennessee,White,47185,TN
Tennessee,Williamson,47187,TN
Tennessee,Wilson,47189,TN
Texas,Anderson,48001,TX
Texas,Andrews,48003,TX
Texas,Angelina,48005,TX
Texas,Aransas,48007,TX
Texas,Archer,48009,TX
Texas,Armstrong,48011,TX
Texas,Atascosa,48013,TX
Texas,Austin,48015,TX
Texas,Bailey,48017,TX
Texas,Bandera,48019,TX
Texas,Bastrop,48021,TX
Texas,Baylor,48023,TX
Texas,Bee,48025,TX
Texas,Bell,48027,TX
Texas,Bexar,48029,TX
Texas,Blanco,48031,TX
Texas,Borden,48033,TX
Texas,Bosque,48035,TX
Texas,Bowie,48037,TX
Texas,Brazoria,48039,TX
Texas,Brazos,48041,TX
Texas,Brewster,48043,TX
Texas,Briscoe,48045,TX
Texas,Brooks,48047,TX
Texas,Brown,48049,TX
Texas,Burleson,48051,TX
Texas,Burnet,48053,TX
Texas,Caldwell,48055,TX
Texas,Calhoun,48057,TX
Texas,Callahan,48059,TX
Texas,Cameron,48061,TX
Texas,Camp,48063,TX
Texas,Carson,48065,TX
Texas,Cass,48067,TX
Texas,Castro,48069,TX
Texas,Chambers,48071,TX
Texas,Cherokee,48073,TX
Texas,Childress,48075,TX
Texas,Clay,48077,TX
Texas,Cochran,48079,TX
Texas,Coke,48081,TX
Texas,Coleman,48083,TX
Texas,Collin,48085,TX
Texas,Collingsworth,48087,TX
Texas,Colorado,48089,TX
Texas,Comal,48091,TX
Texas,Comanche,48093,TX
Texas,Concho,48095,TX
Texas,Cooke,48097,TX
Texas,Coryell,48099,TX
Texas,Cottle,48101,TX
Texas,Crane,48103,TX
Texas,Crockett,48105,TX
Texas,Crosby,48107,TX
Texas,Culberson,48109,TX
Texas,Dallam,48111,TX
Texas,Dallas,48113,TX
Texas,Dawson,48115,TX
Texas,Deaf Smith,48117,TX
Texas,Delta,48119,TX
Texas,Denton,48121,TX
Texas,DeWitt,48123,TX
Texas,Dickens,48125,TX
Texas,Dimmit,48127,TX
Texas,Donley,48129,TX
Texas,Duval,48131,TX
Texas,Eastland,48133,TX
Texas,Ector,48135,TX
Texas,Edwards,48137,TX
Texas,El Paso,48141,TX
Texas,Ellis,48139,TX
Texas,Erath,48143,TX
Texas,Falls,48145,TX
Texas,Fannin,48147,TX
Texas,Fayette,48149,TX
Texas,Fisher,48151,TX
Texas,Floyd,48153,TX
Texas,Foard,48155,TX
Texas,Fort Bend,48157,TX
Texas,Franklin,48159,TX
Texas,Freestone,48161,TX
Texas,Frio,48163,TX
Texas,Gaines,48165,TX
Texas,Galveston,48167,TX
Texas,Garza,48169,TX
Texas,Gillespie,48171,TX
Texas,Glasscock,48173,TX
Texas,Goliad,48175,TX
Texas,Gonzales,48177,TX
Texas,Gray,48179,TX
Texas,Grayson,48181,TX
Texas,Gregg,48183,TX
Texas,Grimes,48185,TX
Texas,Guadalupe,48187,TX
Texas,Hale,48189,TX
Texas,Hall,48191,TX
Texas,Hamilton,48193,TX
Texas,Hansford,48195,TX
Texas,Hardeman,48197,TX
Texas,Hardin,48199,TX
Texas,Harris,48201,TX
Texas,Harrison,48203,TX
Texas,Hartley,48205,TX
Texas,Haskell,48207,TX
Texas,Hays,48209,TX
Texas,Hemphill,48211,TX
Texas,Henderson,48213,TX
Texas,Hidalgo,48215,TX
Texas,Hill,48217,TX
Texas,Hockley,48219,TX
Texas,Hood,48221,TX
Texas,Hopkins,48223,TX
Texas,Houston,48225,TX
Texas,Howard,48227,TX
Texas,Hudspeth,48229,TX
Texas,Hunt,48231,TX
Texas,Hutchinson,48233,TX
Texas,Irion,48235,TX
Texas,Jack,48237,TX
Texas,Jackson,48239,TX
Texas,Jasper,48241,TX
Texas,Jeff Davis,48243,TX
Texas,Jefferson,48245,TX
Texas,Jim Hogg,48247,TX
Texas,Jim Wells,48249,TX
Texas,Johnson,48251,TX
Texas,Jones,48253,TX
Texas,Karnes,48255,TX
Texas,Kaufman,48257,TX
Texas,Kendall,48259,TX
Texas,Kenedy,48261,TX
Texas,Kent,48263,TX
Texas,Kerr,48265,TX
Texas,Kimble,48267,TX
Texas,Kinney,48271,TX
Texas,Kleberg,48273,TX
Texas,Knox,48275,TX
Texas,La Salle,48283,TX
Texas,Lamar,48277,TX
Texas,Lamb,48279,TX
Texas,Lampasas,48281,TX
Texas,Lavaca,48285,TX
Texas,Lee,48287,TX
Texas,Leon,48289,TX
Texas,Liberty,48291,TX
Texas,Limestone,48293,TX
Texas,Lipscomb,48295,TX
Texas,Live Oak,48297,TX
Texas,Llano,48299,TX
Texas,Lubbock,48303,TX
Texas,Lynn,48305,TX
Texas,Madison,48313,TX
Texas,Marion,48315,TX
Texas,Martin,48317,TX
Texas,Mason,48319,TX
Texas,Matagorda,48321,TX
Texas,Maverick,48323,TX
Texas,McCulloch,48307,TX
Texas,McLennan,48309,TX
Texas,McMullen,48311,TX
Texas,Medina,48325,TX
Texas,Menard,48327,TX
Texas,Midland,48329,TX
Texas,Milam,48331,TX
Texas,Mills,48333,TX
Texas,Mitchell,48335,TX
Texas,Montague,48337,TX
Texas,Montgomery,48339,TX
Texas,Moore,48341,TX
Texas,Morris,48343,TX
Texas,Motley,48345,TX
Texas,Nacogdoches,48347,TX
Texas,Navarro,48349,TX
Texas,Newton,48351,TX
Texas,Nolan,48353,TX
Texas,Nueces,48355,TX
Texas,Ochiltree,48357,TX
Texas,Oldham,48359,TX
Texas,Orange,48361,TX
Texas,Palo Pinto,48363,TX
Texas,Panola,48365,TX
Texas,Parker,48367,TX
Texas,Parmer,48369,TX
Texas,Pecos,48371,TX
Texas,Polk,48373,TX
Texas,Potter,48375,TX
Texas,Presidio,48377,TX
Texas,Rains,48379,TX
Texas,Randall,48381,TX
Texas,Reagan,48383,TX
Texas,Real,48385,TX
Texas,Red River,48387,TX
Texas,Reeves,48389,TX
Texas,Refugio,48391,TX
Texas,Roberts,48393,TX
Texas,Robertson,48395,TX
Texas,Rockwall,48397,TX
Texas,Runnels,48399,TX
Texas,Rusk,48401,TX
Texas,Sabine,48403,TX
Texas,San Augustine,48405,TX
Texas,San Jacinto,48407,TX
Texas,San Patricio,48409,TX
Texas,San Saba,48411,TX
Texas,Schleicher,48413,TX
Texas,Scurry,48415,TX
Texas,Shackelford,48417,TX
Texas,Shelby,48419,TX
Texas,Sherman,48421,TX
Texas,Smith,48423,TX
Texas,Somervell,48425,TX
Texas,Starr,48427,TX
Texas,Stephens,48429,TX
Texas,Sterling,48431,TX
Texas,Stonewall,48433,TX
Texas,Sutton,48435,TX
Texas,Swisher,48437,TX
Texas,Tarrant,48439,TX
Texas,Taylor,48441,TX
Texas,Terrell,48443,TX
Texas,Terry,48445,TX
Texas,Throckmorton,48447,TX
Texas,Titus,48449,TX
Texas,Tom Green,48451,TX
Texas,Travis,48453,TX
Texas,Trinity,48455,TX
Texas,Tyler,48457,TX
Texas,Unknown,NA,TX
Texas,Upshur,48459,TX
Texas,Upton,48461,TX
Texas,Uvalde,48463,TX
Texas,Val Verde,48465,TX
Texas,Van Zandt,48467,TX
Texas,Victoria,48469,TX
Texas,Walker,48471,TX
Texas,Waller,48473,TX
Texas,Ward,48475,TX
Texas,Washington,48477,TX
Texas,Webb,48479,TX
Texas,Wharton,48481,TX
Texas,Wheeler,48483,TX
Texas,Wichita,48485,TX
Texas,Wilbarger,48487,TX
Texas,Willacy,48489,TX
Texas,Williamson,48491,TX
Texas,Wilson,48493,TX
Texas,Winkler,48495,TX
Texas,Wise,48497,TX
Texas,Wood,48499,TX
Texas,Yoakum,48501,TX
Texas,Young,48503,TX
Texas,Zapata,48505,TX
Texas,Zavala,48507,TX
Utah,Beaver,49001,UT
Utah,Box Elder,49003,UT
Utah,Cache,49005,UT
Utah,Carbon,49007,UT
Utah,Daggett,49009,UT
Utah,Davis,49011,UT
Utah,Duchesne,49013,UT
Utah,Emery,49015,UT
Utah,Garfield,49017,UT
Utah,Grand,49019,UT
Utah,Iron,49021,UT
Utah,Juab,49023,UT
Utah,Kane,49025,UT
Utah,Millard,49027,UT
Utah,Morgan,49029,UT
Utah,Piute,49031,UT
Utah,Rich,49033,UT
Utah,Salt Lake,49035,UT
Utah,San Juan,49037,UT
Utah,Sanpete,49039,UT
Utah,Sevier,49041,UT
Utah,Summit,49043,UT
Utah,Tooele,49045,UT
Utah,Uintah,49047,UT
Utah,Unknown,NA,UT
Utah,Utah,49049,UT
Utah,Wasatch,49051,UT
Utah,Washington,49053,UT
Utah,Wayne,49055,UT
Utah,Weber,49057,UT
Vermont,Addison,50001,VT
Vermont,Bennington,50003,VT
Vermont,Caledonia,50005,VT
Vermont,Chittenden,50007,VT
Vermont,Essex,50009,VT
Vermont,Franklin,50011,VT
Vermont,Grand Isle,50013,VT
Vermont,Lamoille,50015,VT
Vermont,Orange,50017,VT
Vermont,Orleans,50019,VT
Vermont,Rutland,50021,VT
Vermont,Unknown,NA,VT
Vermont,Washington,50023,VT
Vermont,Windham,50025,VT
Vermont,Windsor,50027,VT
Virgin Islands,St. Croix,78010,NA
Virgin Islands,St. John,78020,NA
Virgin Islands,St. Thomas,78030,NA
Virgin Islands,Unknown,NA,NA
Virginia,Accomack,51001,VA
Virginia,Albemarle,51003,VA
Virginia,Alexandria city,51510,VA
Virginia,Alleghany,51005,VA
Virginia,Amelia,51007,VA
Virginia,Amherst,51009,VA
Virginia,Appomattox,51011,VA
Virginia,Arlington,51013,VA
Virginia,Augusta,51015,VA
Virginia,Bath,51017,VA
Virginia,Bedford,51019,VA
Virginia,Bland,51021,VA
Virginia,Botetourt,51023,VA
Virginia,Bristol city,51520,VA
Virginia,Brunswick,51025,VA
Virginia,Buchanan,51027,VA
Virginia,Buckingham,51029,VA
Virginia,Buena Vista city,51530,VA
Virginia,Campbell,51031,VA
Virginia,Caroline,51033,VA
Virginia,Carroll,51035,VA
Virginia,Charles City,51036,VA
Virginia,Charlotte,51037,VA
Virginia,Charlottesville city,51540,VA
Virginia,Chesapeake city,51550,VA
Virginia,Chesterfield,51041,VA
Virginia,Clarke,51043,VA
Virginia,Colonial Heights city,51570,VA
Virginia,Covington city,51580,VA
Virginia,Craig,51045,VA
Virginia,Culpeper,51047,VA
Virginia,Cumberland,51049,VA
Virginia,Danville city,51590,VA
Virginia,Dickenson,51051,VA
Virginia,Dinwiddie,51053,VA
Virginia,Emporia city,51595,VA
Virginia,Essex,51057,VA
Virginia,Fairfax,51059,VA
Virginia,Fairfax city,51600,VA
Virginia,Falls Church city,51610,VA
Virginia,Fauquier,51061,VA
Virginia,Floyd,51063,VA
Virginia,Fluvanna,51065,VA
Virginia,Franklin,51067,VA
Virginia,Franklin city,51620,VA
Virginia,Frederick,51069,VA
Virginia,Fredericksburg city,51630,VA
Virginia,Galax city,51640,VA
Virginia,Giles,51071,VA
Virginia,Gloucester,51073,VA
Virginia,Goochland,51075,VA
Virginia,Grayson,51077,VA
Virginia,Greene,51079,VA
Virginia,Greensville,51081,VA
Virginia,Halifax,51083,VA
Virginia,Hampton city,51650,VA
Virginia,Hanover,51085,VA
Virginia,Harrisonburg city,51660,VA
Virginia,Henrico,51087,VA
Virginia,Henry,51089,VA
Virginia,Highland,51091,VA
Virginia,Hopewell city,51670,VA
Virginia,Isle of Wight,51093,VA
Virginia,James City,51095,VA
Virginia,King and Queen,51097,VA
Virginia,King George,51099,VA
Virginia,King William,51101,VA
Virginia,Lancaster,51103,VA
Virginia,Lee,51105,VA
Virginia,Lexington city,51678,VA
Virginia,Loudoun,51107,VA
Virginia,Louisa,51109,VA
Virginia,Lunenburg,51111,VA
Virginia,Lynchburg city,51680,VA
Virginia,Madison,51113,VA
Virginia,Manassas city,51683,VA
Virginia,Manassas Park city,51685,VA
Virginia,Martinsville city,51690,VA
Virginia,Mathews,51115,VA
Virginia,Mecklenburg,51117,VA
Virginia,Middlesex,51119,VA
Virginia,Montgomery,51121,VA
Virginia,Nelson,51125,VA
Virginia,New Kent,51127,VA
Virginia,Newport News city,51700,VA
Virginia,Norfolk city,51710,VA
Virginia,Northampton,51131,VA
Virginia,Northumberland,51133,VA
Virginia,Norton city,51720,VA
Virginia,Nottoway,51135,VA
Virginia,Orange,51137,VA
Virginia,Page,51139,VA
Virginia,Patrick,51141,VA
Virginia,Petersburg city,51730,VA
Virginia,Pittsylvania,51143,VA
Virginia,Poquoson city,51735,VA
Virginia,Portsmouth city,51740,VA
Virginia,Powhatan,51145,VA
Virginia,Prince Edward,51147,VA
Virginia,Prince George,51149,VA
Virginia,Prince William,51153,VA
Virginia,Pulaski,51155,VA
Virginia,Radford city,51750,VA
Virginia,Rappahannock,51157,VA
Virginia,Richmond,51159,VA
Virginia,Richmond city,51760,VA
Virginia,Roanoke,51161,VA
Virginia,Roanoke city,51770,VA
Virginia,Rockbridge,51163,VA
Virginia,Rockingham,51165,VA
Virginia,Russell,51167,VA
Virginia,Salem city,51775,VA
Virginia,Scott,51169,VA
Virginia,Shenandoah,51171,VA
Virginia,Smyth,51173,VA
Virginia,Southampton,51175,VA
Virginia,Spotsylvania,51177,VA
Virginia,Stafford,51179,VA
Virginia,Staunton city,51790,VA
Virginia,Suffolk city,51800,VA
Virginia,Surry,51181,VA
Virginia,Sussex,51183,VA
Virginia,Tazewell,51185,VA
Virginia,Unknown,NA,VA
Virginia,Virginia Beach city,51810,VA
Virginia,Warren,51187,VA
Virginia,Washington,51191,VA
Virginia,Waynesboro city,51820,VA
Virginia,Westmoreland,51193,VA
Virginia,Williamsburg city,51830,VA
Virginia,Winchester city,51840,VA
Virginia,Wise,51195,VA
Virginia,Wythe,51197,VA
Virginia,York,51199,VA
Washington,Adams,53001,WA
Washington,Asotin,53003,WA
Washington,Benton,53005,WA
Washington,Chelan,53007,WA
Washington,Clallam,53009,WA
Washington,Clark,53011,WA
Washington,Columbia,53013,WA
Washington,Cowlitz,53015,WA
Washington,Douglas,53017,WA
Washington,Ferry,53019,WA
Washington,Franklin,53021,WA
Washington,Garfield,53023,WA
Washington,Grant,53025,WA
Washington,Grays Harbor,53027,WA
Washington,Island,53029,WA
Washington,Jefferson,53031,WA
Washington,King,53033,WA
Washington,Kitsap,53035,WA
Washington,Kittitas,53037,WA
Washington,Klickitat,53039,WA
Washington,Lewis,53041,WA
Washington,Lincoln,53043,WA
Washington,Mason,53045,WA
Washington,Okanogan,53047,WA
Washington,Pacific,53049,WA
Washington,Pend Oreille,53051,WA
Washington,Pierce,53053,WA
Washington,San Juan,53055,WA
Washington,Skagit,53057,WA
Washington,Skamania,53059,WA
Washington,Snohomish,53061,WA
Washington,Spokane,53063,WA
Washington,Stevens,53065,WA
Washington,Thurston,53067,WA
Washington,Unknown,NA,WA
Washington,Wahkiakum,53069,WA
Washington,Walla Walla,53071,WA
Washington,Whatcom,53073,WA
Washington,Whitman,53075,WA
Washington,Yakima,53077,WA
West Virginia,Barbour,54001,WV
West Virginia,Berkeley,54003,WV
West Virginia,Boone,54005,WV
West Virginia,Braxton,54007,WV
West Virginia,Brooke,54009,WV
West Virginia,Cabell,54011,WV
West Virginia,Calhoun,54013,WV
West Virginia,Clay,54015,WV
West Virginia,Doddridge,54017,WV
West Virginia,Fayette,54019,WV
West Virginia,Gilmer,54021,WV
West Virginia,Grant,54023,WV
West Virginia,Greenbrier,54025,WV
West Virginia,Hampshire,54027,WV
West Virginia,Hancock,54029,WV
West Virginia,Hardy,54031,WV
West Virginia,Harrison,54033,WV
West Virginia,Jackson,54035,WV
West Virginia,Jefferson,54037,WV
West Virginia,Kanawha,54039,WV
West Virginia,Lewis,54041,WV
West Virginia,Lincoln,54043,WV
West Virginia,Logan,54045,WV
West Virginia,Marion,54049,WV
West Virginia,Marshall,54051,WV
West Virginia,Mason,54053,WV
West Virginia,McDowell,54047,WV
West Virginia,Mercer,54055,WV
West Virginia,Mineral,54057,WV
West Virginia,Mingo,54059,WV
West Virginia,Monongalia,54061,WV
West Virginia,Monroe,54063,WV
West Virginia,Morgan,54065,WV
West Virginia,Nicholas,54067,WV
West Virginia,Ohio,54069,WV
West Virginia,Pendleton,54071,WV
West Virginia,Pleasants,54073,WV
West Virginia,Pocahontas,54075,WV
West Virginia,Preston,54077,WV
West Virginia,Putnam,54079,WV
West Virginia,Raleigh,54081,WV
West Virginia,Randolph,54083,WV
West Virginia,Ritchie,54085,WV
West Virginia,Roane,54087,WV
West Virginia,Summers,54089,WV
West Virginia,Taylor,54091,WV
West Virginia,Tucker,54093,WV
West Virginia,Tyler,54095,WV
West Virginia,Unknown,NA,WV
West Virginia,Upshur,54097,WV
West Virginia,Wayne,54099,WV
West Virginia,Webster,54101,WV
West Virginia,Wetzel,54103,WV
West Virginia,Wirt,54105,WV
West Virginia,Wood,54107,WV
West Virginia,Wyoming,54109,WV
Wisconsin,Adams,55001,WI
Wisconsin,Ashland,55003,WI
Wisconsin,Barron,55005,WI
Wisconsin,Bayfield,55007,WI
Wisconsin,Brown,55009,WI
Wisconsin,Buffalo,55011,WI
Wisconsin,Burnett,55013,WI
Wisconsin,Calumet,55015,WI
Wisconsin,Chippewa,55017,WI
Wisconsin,Clark,55019,WI
Wisconsin,Columbia,55021,WI
Wisconsin,Crawford,55023,WI
Wisconsin,Dane,55025,WI
Wisconsin,Dodge,55027,WI
Wisconsin,Door,55029,WI
Wisconsin,Douglas,55031,WI
Wisconsin,Dunn,55033,WI
Wisconsin,Eau Claire,55035,WI
Wisconsin,Florence,55037,WI
Wisconsin,Fond du Lac,55039,WI
Wisconsin,Forest,55041,WI
Wisconsin,Grant,55043,WI
Wisconsin,Green,55045,WI
Wisconsin,Green Lake,55047,WI
Wisconsin,Iowa,55049,WI
Wisconsin,Iron,55051,WI
Wisconsin,Jackson,55053,WI
Wisconsin,Jefferson,55055,WI
Wisconsin,Juneau,55057,WI
Wisconsin,Kenosha,55059,WI
Wisconsin,Kewaunee,55061,WI
Wisconsin,La Crosse,55063,WI
Wisconsin,Lafayette,55065,WI
Wisconsin,Langlade,55067,WI
Wisconsin,Lincoln,55069,WI
Wisconsin,Manitowoc,55071,WI
Wisconsin,Marathon,55073,WI
Wisconsin,Marinette,55075,WI
Wisconsin,Marquette,55077,WI
Wisconsin,Menominee,55078,WI
Wisconsin,Milwaukee,55079,WI
Wisconsin,Monroe,55081,WI
Wisconsin,Oconto,55083,WI
Wisconsin,Oneida,55085,WI
Wisconsin,Outagamie,55087,WI
Wisconsin,Ozaukee,55089,WI
Wisconsin,Pepin,55091,WI
Wisconsin,Pierce,55093,WI
Wisconsin,Polk,55095,WI
Wisconsin,Portage,55097,WI
Wisconsin,Price,55099,WI
Wisconsin,Racine,55101,WI
Wisconsin,Richland,55103,WI
Wisconsin,Rock,55105,WI
Wisconsin,Rusk,55107,WI
Wisconsin,Sauk,55111,WI
Wisconsin,Sawyer,55113,WI
Wisconsin,Shawano,55115,WI
Wisconsin,Sheboygan,55117,WI
Wisconsin,St. Croix,55109,WI
Wisconsin,Taylor,55119,WI
Wisconsin,Trempealeau,55121,WI
Wisconsin,Unknown,NA,WI
Wisconsin,Vernon,55123,WI
Wisconsin,Vilas,55125,WI
Wisconsin,Walworth,55127,WI
Wisconsin,Washburn,55129,WI
Wisconsin,Washington,55131,WI
Wisconsin,Waukesha,55133,WI
Wisconsin,Waupaca,55135,WI
Wisconsin,Waushara,55137,WI
Wisconsin,Winnebago,55139,WI
Wisconsin,Wood,55141,WI
Wyoming,Albany,56001,WY
Wyoming,Big Horn,56003,WY
Wyoming,Campbell,56005,WY
Wyoming,Carbon,56007,WY
Wyoming,Converse,56009,WY
Wyoming,Crook,56011,WY
Wyoming,Fremont,56013,WY
Wyoming,Goshen,56015,WY
Wyoming,Hot Springs,56017,WY
Wyoming,Johnson,56019,WY
Wyoming,Laramie,56021,WY
Wyoming,Lincoln,56023,WY
Wyoming,Natrona,56025,WY
Wyoming,Niobrara,56027,WY
Wyoming,Park,56029,WY
Wyoming,Platte,56031,WY
Wyoming,Sheridan,56033,WY
Wyoming,Sublette,56035,WY
Wyoming,Sweetwater,56037,WY
Wyoming,Teton,56039,WY
Wyoming,Uinta,56041,WY
Wyoming,Unknown,NA,WY
Wyoming,Washakie,56043,WY
Wyoming,Weston,56045,WY
